features_line,title,empty_count,empty_fields
91,1. AI Chief Customer Officer,26,Separate Dashboard;Security Layer;Call;Chat System;SMS;Voice & Phone Number;Recording & Script;Location & Country;Company Setup;Model & Language;Timing & Scheduling;Pricing & Negotiation;Integrations;Responsibilities & Routing;Tasks & Work Management;Behaviour & Limitations;Performance & Insights;Summary & Notes;Predictive Layers;Rules & Regulations;Memory;Setup Company (detailed);2-Step Verification;Import & Export Data;Reports;Integrations & MCP
123,→ AI CX Strategy Analyst,26,Separate Dashboard;Security Layer;Call;Chat System;SMS;Voice & Phone Number;Recording & Script;Location & Country;Company Setup;Model & Language;Timing & Scheduling;Pricing & Negotiation;Integrations;Responsibilities & Routing;Tasks & Work Management;Behaviour & Limitations;Performance & Insights;Summary & Notes;Predictive Layers;Rules & Regulations;Memory;Setup Company (detailed);2-Step Verification;Import & Export Data;Reports;Integrations & MCP
155,→ AI Customer Journey Mapper,26,Separate Dashboard;Security Layer;Call;Chat System;SMS;Voice & Phone Number;Recording & Script;Location & Country;Company Setup;Model & Language;Timing & Scheduling;Pricing & Negotiation;Integrations;Responsibilities & Routing;Tasks & Work Management;Behaviour & Limitations;Performance & Insights;Summary & Notes;Predictive Layers;Rules & Regulations;Memory;Setup Company (detailed);2-Step Verification;Import & Export Data;Reports;Integrations & MCP
187,→ AI CX Metrics Tracker,26,Separate Dashboard;Security Layer;Call;Chat System;SMS;Voice & Phone Number;Recording & Script;Location & Country;Company Setup;Model & Language;Timing & Scheduling;Pricing & Negotiation;Integrations;Responsibilities & Routing;Tasks & Work Management;Behaviour & Limitations;Performance & Insights;Summary & Notes;Predictive Layers;Rules & Regulations;Memory;Setup Company (detailed);2-Step Verification;Import & Export Data;Reports;Integrations & MCP
220,2. AI VP Customer Success,26,Separate Dashboard;Security Layer;Call;Chat System;SMS;Voice & Phone Number;Recording & Script;Location & Country;Company Setup;Model & Language;Timing & Scheduling;Pricing & Negotiation;Integrations;Responsibilities & Routing;Tasks & Work Management;Behaviour & Limitations;Performance & Insights;Summary & Notes;Predictive Layers;Rules & Regulations;Memory;Setup Company (detailed);2-Step Verification;Import & Export Data;Reports;Integrations & MCP
252,→ AI Onboarding Specialist,26,Separate Dashboard;Security Layer;Call;Chat System;SMS;Voice & Phone Number;Recording & Script;Location & Country;Company Setup;Model & Language;Timing & Scheduling;Pricing & Negotiation;Integrations;Responsibilities & Routing;Tasks & Work Management;Behaviour & Limitations;Performance & Insights;Summary & Notes;Predictive Layers;Rules & Regulations;Memory;Setup Company (detailed);2-Step Verification;Import & Export Data;Reports;Integrations & MCP
284,→ AI Account Health Monitor,26,Separate Dashboard;Security Layer;Call;Chat System;SMS;Voice & Phone Number;Recording & Script;Location & Country;Company Setup;Model & Language;Timing & Scheduling;Pricing & Negotiation;Integrations;Responsibilities & Routing;Tasks & Work Management;Behaviour & Limitations;Performance & Insights;Summary & Notes;Predictive Layers;Rules & Regulations;Memory;Setup Company (detailed);2-Step Verification;Import & Export Data;Reports;Integrations & MCP
316,→ AI Success Plan Coordinator,26,Separate Dashboard;Security Layer;Call;Chat System;SMS;Voice & Phone Number;Recording & Script;Location & Country;Company Setup;Model & Language;Timing & Scheduling;Pricing & Negotiation;Integrations;Responsibilities & Routing;Tasks & Work Management;Behaviour & Limitations;Performance & Insights;Summary & Notes;Predictive Layers;Rules & Regulations;Memory;Setup Company (detailed);2-Step Verification;Import & Export Data;Reports;Integrations & MCP
349,3. AI VP Support,26,Separate Dashboard;Security Layer;Call;Chat System;SMS;Voice & Phone Number;Recording & Script;Location & Country;Company Setup;Model & Language;Timing & Scheduling;Pricing & Negotiation;Integrations;Responsibilities & Routing;Tasks & Work Management;Behaviour & Limitations;Performance & Insights;Summary & Notes;Predictive Layers;Rules & Regulations;Memory;Setup Company (detailed);2-Step Verification;Import & Export Data;Reports;Integrations & MCP
381,→ AI Escalation Manager,26,Separate Dashboard;Security Layer;Call;Chat System;SMS;Voice & Phone Number;Recording & Script;Location & Country;Company Setup;Model & Language;Timing & Scheduling;Pricing & Negotiation;Integrations;Responsibilities & Routing;Tasks & Work Management;Behaviour & Limitations;Performance & Insights;Summary & Notes;Predictive Layers;Rules & Regulations;Memory;Setup Company (detailed);2-Step Verification;Import & Export Data;Reports;Integrations & MCP
413,→ AI Knowledge Base Curator,26,Separate Dashboard;Security Layer;Call;Chat System;SMS;Voice & Phone Number;Recording & Script;Location & Country;Company Setup;Model & Language;Timing & Scheduling;Pricing & Negotiation;Integrations;Responsibilities & Routing;Tasks & Work Management;Behaviour & Limitations;Performance & Insights;Summary & Notes;Predictive Layers;Rules & Regulations;Memory;Setup Company (detailed);2-Step Verification;Import & Export Data;Reports;Integrations & MCP
445,→ AI Support Quality Auditor,26,Separate Dashboard;Security Layer;Call;Chat System;SMS;Voice & Phone Number;Recording & Script;Location & Country;Company Setup;Model & Language;Timing & Scheduling;Pricing & Negotiation;Integrations;Responsibilities & Routing;Tasks & Work Management;Behaviour & Limitations;Performance & Insights;Summary & Notes;Predictive Layers;Rules & Regulations;Memory;Setup Company (detailed);2-Step Verification;Import & Export Data;Reports;Integrations & MCP
478,4. AI VP Experience,26,Separate Dashboard;Security Layer;Call;Chat System;SMS;Voice & Phone Number;Recording & Script;Location & Country;Company Setup;Model & Language;Timing & Scheduling;Pricing & Negotiation;Integrations;Responsibilities & Routing;Tasks & Work Management;Behaviour & Limitations;Performance & Insights;Summary & Notes;Predictive Layers;Rules & Regulations;Memory;Setup Company (detailed);2-Step Verification;Import & Export Data;Reports;Integrations & MCP
510,→ AI UX Feedback Analyst,26,Separate Dashboard;Security Layer;Call;Chat System;SMS;Voice & Phone Number;Recording & Script;Location & Country;Company Setup;Model & Language;Timing & Scheduling;Pricing & Negotiation;Integrations;Responsibilities & Routing;Tasks & Work Management;Behaviour & Limitations;Performance & Insights;Summary & Notes;Predictive Layers;Rules & Regulations;Memory;Setup Company (detailed);2-Step Verification;Import & Export Data;Reports;Integrations & MCP
542,→ AI Experience Benchmark Analyst,26,Separate Dashboard;Security Layer;Call;Chat System;SMS;Voice & Phone Number;Recording & Script;Location & Country;Company Setup;Model & Language;Timing & Scheduling;Pricing & Negotiation;Integrations;Responsibilities & Routing;Tasks & Work Management;Behaviour & Limitations;Performance & Insights;Summary & Notes;Predictive Layers;Rules & Regulations;Memory;Setup Company (detailed);2-Step Verification;Import & Export Data;Reports;Integrations & MCP
574,→ AI Personalization Engine,26,Separate Dashboard;Security Layer;Call;Chat System;SMS;Voice & Phone Number;Recording & Script;Location & Country;Company Setup;Model & Language;Timing & Scheduling;Pricing & Negotiation;Integrations;Responsibilities & Routing;Tasks & Work Management;Behaviour & Limitations;Performance & Insights;Summary & Notes;Predictive Layers;Rules & Regulations;Memory;Setup Company (detailed);2-Step Verification;Import & Export Data;Reports;Integrations & MCP
607,5. AI VP Retention,26,Separate Dashboard;Security Layer;Call;Chat System;SMS;Voice & Phone Number;Recording & Script;Location & Country;Company Setup;Model & Language;Timing & Scheduling;Pricing & Negotiation;Integrations;Responsibilities & Routing;Tasks & Work Management;Behaviour & Limitations;Performance & Insights;Summary & Notes;Predictive Layers;Rules & Regulations;Memory;Setup Company (detailed);2-Step Verification;Import & Export Data;Reports;Integrations & MCP
639,→ AI Churn Predictor,26,Separate Dashboard;Security Layer;Call;Chat System;SMS;Voice & Phone Number;Recording & Script;Location & Country;Company Setup;Model & Language;Timing & Scheduling;Pricing & Negotiation;Integrations;Responsibilities & Routing;Tasks & Work Management;Behaviour & Limitations;Performance & Insights;Summary & Notes;Predictive Layers;Rules & Regulations;Memory;Setup Company (detailed);2-Step Verification;Import & Export Data;Reports;Integrations & MCP
671,→ AI Win-back Campaign Specialist,26,Separate Dashboard;Security Layer;Call;Chat System;SMS;Voice & Phone Number;Recording & Script;Location & Country;Company Setup;Model & Language;Timing & Scheduling;Pricing & Negotiation;Integrations;Responsibilities & Routing;Tasks & Work Management;Behaviour & Limitations;Performance & Insights;Summary & Notes;Predictive Layers;Rules & Regulations;Memory;Setup Company (detailed);2-Step Verification;Import & Export Data;Reports;Integrations & MCP
703,→ AI Retention Metrics Analyst,26,Separate Dashboard;Security Layer;Call;Chat System;SMS;Voice & Phone Number;Recording & Script;Location & Country;Company Setup;Model & Language;Timing & Scheduling;Pricing & Negotiation;Integrations;Responsibilities & Routing;Tasks & Work Management;Behaviour & Limitations;Performance & Insights;Summary & Notes;Predictive Layers;Rules & Regulations;Memory;Setup Company (detailed);2-Step Verification;Import & Export Data;Reports;Integrations & MCP
736,6. AI VP Loyalty,26,Separate Dashboard;Security Layer;Call;Chat System;SMS;Voice & Phone Number;Recording & Script;Location & Country;Company Setup;Model & Language;Timing & Scheduling;Pricing & Negotiation;Integrations;Responsibilities & Routing;Tasks & Work Management;Behaviour & Limitations;Performance & Insights;Summary & Notes;Predictive Layers;Rules & Regulations;Memory;Setup Company (detailed);2-Step Verification;Import & Export Data;Reports;Integrations & MCP
768,→ AI Rewards Program Designer,26,Separate Dashboard;Security Layer;Call;Chat System;SMS;Voice & Phone Number;Recording & Script;Location & Country;Company Setup;Model & Language;Timing & Scheduling;Pricing & Negotiation;Integrations;Responsibilities & Routing;Tasks & Work Management;Behaviour & Limitations;Performance & Insights;Summary & Notes;Predictive Layers;Rules & Regulations;Memory;Setup Company (detailed);2-Step Verification;Import & Export Data;Reports;Integrations & MCP
800,→ AI Loyalty Tier Analyst,26,Separate Dashboard;Security Layer;Call;Chat System;SMS;Voice & Phone Number;Recording & Script;Location & Country;Company Setup;Model & Language;Timing & Scheduling;Pricing & Negotiation;Integrations;Responsibilities & Routing;Tasks & Work Management;Behaviour & Limitations;Performance & Insights;Summary & Notes;Predictive Layers;Rules & Regulations;Memory;Setup Company (detailed);2-Step Verification;Import & Export Data;Reports;Integrations & MCP
832,→ AI Engagement Scoring Agent,26,Separate Dashboard;Security Layer;Call;Chat System;SMS;Voice & Phone Number;Recording & Script;Location & Country;Company Setup;Model & Language;Timing & Scheduling;Pricing & Negotiation;Integrations;Responsibilities & Routing;Tasks & Work Management;Behaviour & Limitations;Performance & Insights;Summary & Notes;Predictive Layers;Rules & Regulations;Memory;Setup Company (detailed);2-Step Verification;Import & Export Data;Reports;Integrations & MCP
865,7. AI Receptionist,26,Separate Dashboard;Security Layer;Call;Chat System;SMS;Voice & Phone Number;Recording & Script;Location & Country;Company Setup;Model & Language;Timing & Scheduling;Pricing & Negotiation;Integrations;Responsibilities & Routing;Tasks & Work Management;Behaviour & Limitations;Performance & Insights;Summary & Notes;Predictive Layers;Rules & Regulations;Memory;Setup Company (detailed);2-Step Verification;Import & Export Data;Reports;Integrations & MCP
897,→ AI Call Router,26,Separate Dashboard;Security Layer;Call;Chat System;SMS;Voice & Phone Number;Recording & Script;Location & Country;Company Setup;Model & Language;Timing & Scheduling;Pricing & Negotiation;Integrations;Responsibilities & Routing;Tasks & Work Management;Behaviour & Limitations;Performance & Insights;Summary & Notes;Predictive Layers;Rules & Regulations;Memory;Setup Company (detailed);2-Step Verification;Import & Export Data;Reports;Integrations & MCP
929,→ AI Visitor Logger,26,Separate Dashboard;Security Layer;Call;Chat System;SMS;Voice & Phone Number;Recording & Script;Location & Country;Company Setup;Model & Language;Timing & Scheduling;Pricing & Negotiation;Integrations;Responsibilities & Routing;Tasks & Work Management;Behaviour & Limitations;Performance & Insights;Summary & Notes;Predictive Layers;Rules & Regulations;Memory;Setup Company (detailed);2-Step Verification;Import & Export Data;Reports;Integrations & MCP
961,→ AI Appointment Scheduler,26,Separate Dashboard;Security Layer;Call;Chat System;SMS;Voice & Phone Number;Recording & Script;Location & Country;Company Setup;Model & Language;Timing & Scheduling;Pricing & Negotiation;Integrations;Responsibilities & Routing;Tasks & Work Management;Behaviour & Limitations;Performance & Insights;Summary & Notes;Predictive Layers;Rules & Regulations;Memory;Setup Company (detailed);2-Step Verification;Import & Export Data;Reports;Integrations & MCP
994,8. AI Customer Support Agent,26,Separate Dashboard;Security Layer;Call;Chat System;SMS;Voice & Phone Number;Recording & Script;Location & Country;Company Setup;Model & Language;Timing & Scheduling;Pricing & Negotiation;Integrations;Responsibilities & Routing;Tasks & Work Management;Behaviour & Limitations;Performance & Insights;Summary & Notes;Predictive Layers;Rules & Regulations;Memory;Setup Company (detailed);2-Step Verification;Import & Export Data;Reports;Integrations & MCP
1026,→ AI FAQ Responder,26,Separate Dashboard;Security Layer;Call;Chat System;SMS;Voice & Phone Number;Recording & Script;Location & Country;Company Setup;Model & Language;Timing & Scheduling;Pricing & Negotiation;Integrations;Responsibilities & Routing;Tasks & Work Management;Behaviour & Limitations;Performance & Insights;Summary & Notes;Predictive Layers;Rules & Regulations;Memory;Setup Company (detailed);2-Step Verification;Import & Export Data;Reports;Integrations & MCP
1058,→ AI Troubleshooting Guide,26,Separate Dashboard;Security Layer;Call;Chat System;SMS;Voice & Phone Number;Recording & Script;Location & Country;Company Setup;Model & Language;Timing & Scheduling;Pricing & Negotiation;Integrations;Responsibilities & Routing;Tasks & Work Management;Behaviour & Limitations;Performance & Insights;Summary & Notes;Predictive Layers;Rules & Regulations;Memory;Setup Company (detailed);2-Step Verification;Import & Export Data;Reports;Integrations & MCP
1090,→ AI Live Chat Handler,26,Separate Dashboard;Security Layer;Call;Chat System;SMS;Voice & Phone Number;Recording & Script;Location & Country;Company Setup;Model & Language;Timing & Scheduling;Pricing & Negotiation;Integrations;Responsibilities & Routing;Tasks & Work Management;Behaviour & Limitations;Performance & Insights;Summary & Notes;Predictive Layers;Rules & Regulations;Memory;Setup Company (detailed);2-Step Verification;Import & Export Data;Reports;Integrations & MCP
1123,9. AI Ticket Resolution Agent,26,Separate Dashboard;Security Layer;Call;Chat System;SMS;Voice & Phone Number;Recording & Script;Location & Country;Company Setup;Model & Language;Timing & Scheduling;Pricing & Negotiation;Integrations;Responsibilities & Routing;Tasks & Work Management;Behaviour & Limitations;Performance & Insights;Summary & Notes;Predictive Layers;Rules & Regulations;Memory;Setup Company (detailed);2-Step Verification;Import & Export Data;Reports;Integrations & MCP
1155,→ AI Ticket Classifier,26,Separate Dashboard;Security Layer;Call;Chat System;SMS;Voice & Phone Number;Recording & Script;Location & Country;Company Setup;Model & Language;Timing & Scheduling;Pricing & Negotiation;Integrations;Responsibilities & Routing;Tasks & Work Management;Behaviour & Limitations;Performance & Insights;Summary & Notes;Predictive Layers;Rules & Regulations;Memory;Setup Company (detailed);2-Step Verification;Import & Export Data;Reports;Integrations & MCP
1187,→ AI Solution Matcher,26,Separate Dashboard;Security Layer;Call;Chat System;SMS;Voice & Phone Number;Recording & Script;Location & Country;Company Setup;Model & Language;Timing & Scheduling;Pricing & Negotiation;Integrations;Responsibilities & Routing;Tasks & Work Management;Behaviour & Limitations;Performance & Insights;Summary & Notes;Predictive Layers;Rules & Regulations;Memory;Setup Company (detailed);2-Step Verification;Import & Export Data;Reports;Integrations & MCP
1219,→ AI Escalation Router,26,Separate Dashboard;Security Layer;Call;Chat System;SMS;Voice & Phone Number;Recording & Script;Location & Country;Company Setup;Model & Language;Timing & Scheduling;Pricing & Negotiation;Integrations;Responsibilities & Routing;Tasks & Work Management;Behaviour & Limitations;Performance & Insights;Summary & Notes;Predictive Layers;Rules & Regulations;Memory;Setup Company (detailed);2-Step Verification;Import & Export Data;Reports;Integrations & MCP
1252,10. AI Complaint Handling Agent,26,Separate Dashboard;Security Layer;Call;Chat System;SMS;Voice & Phone Number;Recording & Script;Location & Country;Company Setup;Model & Language;Timing & Scheduling;Pricing & Negotiation;Integrations;Responsibilities & Routing;Tasks & Work Management;Behaviour & Limitations;Performance & Insights;Summary & Notes;Predictive Layers;Rules & Regulations;Memory;Setup Company (detailed);2-Step Verification;Import & Export Data;Reports;Integrations & MCP
1284,→ AI Complaint Categorizer,26,Separate Dashboard;Security Layer;Call;Chat System;SMS;Voice & Phone Number;Recording & Script;Location & Country;Company Setup;Model & Language;Timing & Scheduling;Pricing & Negotiation;Integrations;Responsibilities & Routing;Tasks & Work Management;Behaviour & Limitations;Performance & Insights;Summary & Notes;Predictive Layers;Rules & Regulations;Memory;Setup Company (detailed);2-Step Verification;Import & Export Data;Reports;Integrations & MCP
1316,→ AI Resolution Tracker,26,Separate Dashboard;Security Layer;Call;Chat System;SMS;Voice & Phone Number;Recording & Script;Location & Country;Company Setup;Model & Language;Timing & Scheduling;Pricing & Negotiation;Integrations;Responsibilities & Routing;Tasks & Work Management;Behaviour & Limitations;Performance & Insights;Summary & Notes;Predictive Layers;Rules & Regulations;Memory;Setup Company (detailed);2-Step Verification;Import & Export Data;Reports;Integrations & MCP
1348,→ AI Sentiment Analyzer,26,Separate Dashboard;Security Layer;Call;Chat System;SMS;Voice & Phone Number;Recording & Script;Location & Country;Company Setup;Model & Language;Timing & Scheduling;Pricing & Negotiation;Integrations;Responsibilities & Routing;Tasks & Work Management;Behaviour & Limitations;Performance & Insights;Summary & Notes;Predictive Layers;Rules & Regulations;Memory;Setup Company (detailed);2-Step Verification;Import & Export Data;Reports;Integrations & MCP
1381,11. AI Retention Specialist,26,Separate Dashboard;Security Layer;Call;Chat System;SMS;Voice & Phone Number;Recording & Script;Location & Country;Company Setup;Model & Language;Timing & Scheduling;Pricing & Negotiation;Integrations;Responsibilities & Routing;Tasks & Work Management;Behaviour & Limitations;Performance & Insights;Summary & Notes;Predictive Layers;Rules & Regulations;Memory;Setup Company (detailed);2-Step Verification;Import & Export Data;Reports;Integrations & MCP
1413,→ AI At-Risk Identifier,26,Separate Dashboard;Security Layer;Call;Chat System;SMS;Voice & Phone Number;Recording & Script;Location & Country;Company Setup;Model & Language;Timing & Scheduling;Pricing & Negotiation;Integrations;Responsibilities & Routing;Tasks & Work Management;Behaviour & Limitations;Performance & Insights;Summary & Notes;Predictive Layers;Rules & Regulations;Memory;Setup Company (detailed);2-Step Verification;Import & Export Data;Reports;Integrations & MCP
1445,→ AI Offer Optimizer,26,Separate Dashboard;Security Layer;Call;Chat System;SMS;Voice & Phone Number;Recording & Script;Location & Country;Company Setup;Model & Language;Timing & Scheduling;Pricing & Negotiation;Integrations;Responsibilities & Routing;Tasks & Work Management;Behaviour & Limitations;Performance & Insights;Summary & Notes;Predictive Layers;Rules & Regulations;Memory;Setup Company (detailed);2-Step Verification;Import & Export Data;Reports;Integrations & MCP
1477,→ AI Follow-up Scheduler,26,Separate Dashboard;Security Layer;Call;Chat System;SMS;Voice & Phone Number;Recording & Script;Location & Country;Company Setup;Model & Language;Timing & Scheduling;Pricing & Negotiation;Integrations;Responsibilities & Routing;Tasks & Work Management;Behaviour & Limitations;Performance & Insights;Summary & Notes;Predictive Layers;Rules & Regulations;Memory;Setup Company (detailed);2-Step Verification;Import & Export Data;Reports;Integrations & MCP
1510,12. AI Loyalty & Engagement Agent,26,Separate Dashboard;Security Layer;Call;Chat System;SMS;Voice & Phone Number;Recording & Script;Location & Country;Company Setup;Model & Language;Timing & Scheduling;Pricing & Negotiation;Integrations;Responsibilities & Routing;Tasks & Work Management;Behaviour & Limitations;Performance & Insights;Summary & Notes;Predictive Layers;Rules & Regulations;Memory;Setup Company (detailed);2-Step Verification;Import & Export Data;Reports;Integrations & MCP
1542,→ AI Points Calculator,26,Separate Dashboard;Security Layer;Call;Chat System;SMS;Voice & Phone Number;Recording & Script;Location & Country;Company Setup;Model & Language;Timing & Scheduling;Pricing & Negotiation;Integrations;Responsibilities & Routing;Tasks & Work Management;Behaviour & Limitations;Performance & Insights;Summary & Notes;Predictive Layers;Rules & Regulations;Memory;Setup Company (detailed);2-Step Verification;Import & Export Data;Reports;Integrations & MCP
1574,→ AI Reward Recommender,26,Separate Dashboard;Security Layer;Call;Chat System;SMS;Voice & Phone Number;Recording & Script;Location & Country;Company Setup;Model & Language;Timing & Scheduling;Pricing & Negotiation;Integrations;Responsibilities & Routing;Tasks & Work Management;Behaviour & Limitations;Performance & Insights;Summary & Notes;Predictive Layers;Rules & Regulations;Memory;Setup Company (detailed);2-Step Verification;Import & Export Data;Reports;Integrations & MCP
1606,→ AI Engagement Tracker,26,Separate Dashboard;Security Layer;Call;Chat System;SMS;Voice & Phone Number;Recording & Script;Location & Country;Company Setup;Model & Language;Timing & Scheduling;Pricing & Negotiation;Integrations;Responsibilities & Routing;Tasks & Work Management;Behaviour & Limitations;Performance & Insights;Summary & Notes;Predictive Layers;Rules & Regulations;Memory;Setup Company (detailed);2-Step Verification;Import & Export Data;Reports;Integrations & MCP
1639,13. AI Feedback & Survey Agent,26,Separate Dashboard;Security Layer;Call;Chat System;SMS;Voice & Phone Number;Recording & Script;Location & Country;Company Setup;Model & Language;Timing & Scheduling;Pricing & Negotiation;Integrations;Responsibilities & Routing;Tasks & Work Management;Behaviour & Limitations;Performance & Insights;Summary & Notes;Predictive Layers;Rules & Regulations;Memory;Setup Company (detailed);2-Step Verification;Import & Export Data;Reports;Integrations & MCP
1671,→ AI Survey Designer,26,Separate Dashboard;Security Layer;Call;Chat System;SMS;Voice & Phone Number;Recording & Script;Location & Country;Company Setup;Model & Language;Timing & Scheduling;Pricing & Negotiation;Integrations;Responsibilities & Routing;Tasks & Work Management;Behaviour & Limitations;Performance & Insights;Summary & Notes;Predictive Layers;Rules & Regulations;Memory;Setup Company (detailed);2-Step Verification;Import & Export Data;Reports;Integrations & MCP
1703,→ AI Response Analyzer,26,Separate Dashboard;Security Layer;Call;Chat System;SMS;Voice & Phone Number;Recording & Script;Location & Country;Company Setup;Model & Language;Timing & Scheduling;Pricing & Negotiation;Integrations;Responsibilities & Routing;Tasks & Work Management;Behaviour & Limitations;Performance & Insights;Summary & Notes;Predictive Layers;Rules & Regulations;Memory;Setup Company (detailed);2-Step Verification;Import & Export Data;Reports;Integrations & MCP
1735,→ AI Insight Reporter,26,Separate Dashboard;Security Layer;Call;Chat System;SMS;Voice & Phone Number;Recording & Script;Location & Country;Company Setup;Model & Language;Timing & Scheduling;Pricing & Negotiation;Integrations;Responsibilities & Routing;Tasks & Work Management;Behaviour & Limitations;Performance & Insights;Summary & Notes;Predictive Layers;Rules & Regulations;Memory;Setup Company (detailed);2-Step Verification;Import & Export Data;Reports;Integrations & MCP
1768,14. AI Billing Support Agent,26,Separate Dashboard;Security Layer;Call;Chat System;SMS;Voice & Phone Number;Recording & Script;Location & Country;Company Setup;Model & Language;Timing & Scheduling;Pricing & Negotiation;Integrations;Responsibilities & Routing;Tasks & Work Management;Behaviour & Limitations;Performance & Insights;Summary & Notes;Predictive Layers;Rules & Regulations;Memory;Setup Company (detailed);2-Step Verification;Import & Export Data;Reports;Integrations & MCP
1800,→ AI Payment Processor,26,Separate Dashboard;Security Layer;Call;Chat System;SMS;Voice & Phone Number;Recording & Script;Location & Country;Company Setup;Model & Language;Timing & Scheduling;Pricing & Negotiation;Integrations;Responsibilities & Routing;Tasks & Work Management;Behaviour & Limitations;Performance & Insights;Summary & Notes;Predictive Layers;Rules & Regulations;Memory;Setup Company (detailed);2-Step Verification;Import & Export Data;Reports;Integrations & MCP
1832,→ AI Invoice Explainer,26,Separate Dashboard;Security Layer;Call;Chat System;SMS;Voice & Phone Number;Recording & Script;Location & Country;Company Setup;Model & Language;Timing & Scheduling;Pricing & Negotiation;Integrations;Responsibilities & Routing;Tasks & Work Management;Behaviour & Limitations;Performance & Insights;Summary & Notes;Predictive Layers;Rules & Regulations;Memory;Setup Company (detailed);2-Step Verification;Import & Export Data;Reports;Integrations & MCP
1864,→ AI Dispute Resolver,26,Separate Dashboard;Security Layer;Call;Chat System;SMS;Voice & Phone Number;Recording & Script;Location & Country;Company Setup;Model & Language;Timing & Scheduling;Pricing & Negotiation;Integrations;Responsibilities & Routing;Tasks & Work Management;Behaviour & Limitations;Performance & Insights;Summary & Notes;Predictive Layers;Rules & Regulations;Memory;Setup Company (detailed);2-Step Verification;Import & Export Data;Reports;Integrations & MCP
1901,15. AI VP Sales,26,Separate Dashboard;Security Layer;Call;Chat System;SMS;Voice & Phone Number;Recording & Script;Location & Country;Company Setup;Model & Language;Timing & Scheduling;Pricing & Negotiation;Integrations;Responsibilities & Routing;Tasks & Work Management;Behaviour & Limitations;Performance & Insights;Summary & Notes;Predictive Layers;Rules & Regulations;Memory;Setup Company (detailed);2-Step Verification;Import & Export Data;Reports;Integrations & MCP
1933,→ AI Pipeline Analyst,26,Separate Dashboard;Security Layer;Call;Chat System;SMS;Voice & Phone Number;Recording & Script;Location & Country;Company Setup;Model & Language;Timing & Scheduling;Pricing & Negotiation;Integrations;Responsibilities & Routing;Tasks & Work Management;Behaviour & Limitations;Performance & Insights;Summary & Notes;Predictive Layers;Rules & Regulations;Memory;Setup Company (detailed);2-Step Verification;Import & Export Data;Reports;Integrations & MCP
1965,→ AI Quota Tracker,26,Separate Dashboard;Security Layer;Call;Chat System;SMS;Voice & Phone Number;Recording & Script;Location & Country;Company Setup;Model & Language;Timing & Scheduling;Pricing & Negotiation;Integrations;Responsibilities & Routing;Tasks & Work Management;Behaviour & Limitations;Performance & Insights;Summary & Notes;Predictive Layers;Rules & Regulations;Memory;Setup Company (detailed);2-Step Verification;Import & Export Data;Reports;Integrations & MCP
1997,→ AI Territory Planner,26,Separate Dashboard;Security Layer;Call;Chat System;SMS;Voice & Phone Number;Recording & Script;Location & Country;Company Setup;Model & Language;Timing & Scheduling;Pricing & Negotiation;Integrations;Responsibilities & Routing;Tasks & Work Management;Behaviour & Limitations;Performance & Insights;Summary & Notes;Predictive Layers;Rules & Regulations;Memory;Setup Company (detailed);2-Step Verification;Import & Export Data;Reports;Integrations & MCP
2030,16. AI VP Revenue,26,Separate Dashboard;Security Layer;Call;Chat System;SMS;Voice & Phone Number;Recording & Script;Location & Country;Company Setup;Model & Language;Timing & Scheduling;Pricing & Negotiation;Integrations;Responsibilities & Routing;Tasks & Work Management;Behaviour & Limitations;Performance & Insights;Summary & Notes;Predictive Layers;Rules & Regulations;Memory;Setup Company (detailed);2-Step Verification;Import & Export Data;Reports;Integrations & MCP
2062,→ AI Revenue Modeler,26,Separate Dashboard;Security Layer;Call;Chat System;SMS;Voice & Phone Number;Recording & Script;Location & Country;Company Setup;Model & Language;Timing & Scheduling;Pricing & Negotiation;Integrations;Responsibilities & Routing;Tasks & Work Management;Behaviour & Limitations;Performance & Insights;Summary & Notes;Predictive Layers;Rules & Regulations;Memory;Setup Company (detailed);2-Step Verification;Import & Export Data;Reports;Integrations & MCP
2094,→ AI Pricing Optimizer,26,Separate Dashboard;Security Layer;Call;Chat System;SMS;Voice & Phone Number;Recording & Script;Location & Country;Company Setup;Model & Language;Timing & Scheduling;Pricing & Negotiation;Integrations;Responsibilities & Routing;Tasks & Work Management;Behaviour & Limitations;Performance & Insights;Summary & Notes;Predictive Layers;Rules & Regulations;Memory;Setup Company (detailed);2-Step Verification;Import & Export Data;Reports;Integrations & MCP
2126,→ AI Forecast Validator,26,Separate Dashboard;Security Layer;Call;Chat System;SMS;Voice & Phone Number;Recording & Script;Location & Country;Company Setup;Model & Language;Timing & Scheduling;Pricing & Negotiation;Integrations;Responsibilities & Routing;Tasks & Work Management;Behaviour & Limitations;Performance & Insights;Summary & Notes;Predictive Layers;Rules & Regulations;Memory;Setup Company (detailed);2-Step Verification;Import & Export Data;Reports;Integrations & MCP
2159,17. AI VP Business Development,26,Separate Dashboard;Security Layer;Call;Chat System;SMS;Voice & Phone Number;Recording & Script;Location & Country;Company Setup;Model & Language;Timing & Scheduling;Pricing & Negotiation;Integrations;Responsibilities & Routing;Tasks & Work Management;Behaviour & Limitations;Performance & Insights;Summary & Notes;Predictive Layers;Rules & Regulations;Memory;Setup Company (detailed);2-Step Verification;Import & Export Data;Reports;Integrations & MCP
2191,→ AI Partnership Scout,26,Separate Dashboard;Security Layer;Call;Chat System;SMS;Voice & Phone Number;Recording & Script;Location & Country;Company Setup;Model & Language;Timing & Scheduling;Pricing & Negotiation;Integrations;Responsibilities & Routing;Tasks & Work Management;Behaviour & Limitations;Performance & Insights;Summary & Notes;Predictive Layers;Rules & Regulations;Memory;Setup Company (detailed);2-Step Verification;Import & Export Data;Reports;Integrations & MCP
2223,→ AI Market Expander,26,Separate Dashboard;Security Layer;Call;Chat System;SMS;Voice & Phone Number;Recording & Script;Location & Country;Company Setup;Model & Language;Timing & Scheduling;Pricing & Negotiation;Integrations;Responsibilities & Routing;Tasks & Work Management;Behaviour & Limitations;Performance & Insights;Summary & Notes;Predictive Layers;Rules & Regulations;Memory;Setup Company (detailed);2-Step Verification;Import & Export Data;Reports;Integrations & MCP
2255,→ AI Alliance Coordinator,26,Separate Dashboard;Security Layer;Call;Chat System;SMS;Voice & Phone Number;Recording & Script;Location & Country;Company Setup;Model & Language;Timing & Scheduling;Pricing & Negotiation;Integrations;Responsibilities & Routing;Tasks & Work Management;Behaviour & Limitations;Performance & Insights;Summary & Notes;Predictive Layers;Rules & Regulations;Memory;Setup Company (detailed);2-Step Verification;Import & Export Data;Reports;Integrations & MCP
2288,18. AI VP Channel Partners,26,Separate Dashboard;Security Layer;Call;Chat System;SMS;Voice & Phone Number;Recording & Script;Location & Country;Company Setup;Model & Language;Timing & Scheduling;Pricing & Negotiation;Integrations;Responsibilities & Routing;Tasks & Work Management;Behaviour & Limitations;Performance & Insights;Summary & Notes;Predictive Layers;Rules & Regulations;Memory;Setup Company (detailed);2-Step Verification;Import & Export Data;Reports;Integrations & MCP
2320,→ AI Partner Onboarding Agent,26,Separate Dashboard;Security Layer;Call;Chat System;SMS;Voice & Phone Number;Recording & Script;Location & Country;Company Setup;Model & Language;Timing & Scheduling;Pricing & Negotiation;Integrations;Responsibilities & Routing;Tasks & Work Management;Behaviour & Limitations;Performance & Insights;Summary & Notes;Predictive Layers;Rules & Regulations;Memory;Setup Company (detailed);2-Step Verification;Import & Export Data;Reports;Integrations & MCP
2352,→ AI Channel Performance Tracker,26,Separate Dashboard;Security Layer;Call;Chat System;SMS;Voice & Phone Number;Recording & Script;Location & Country;Company Setup;Model & Language;Timing & Scheduling;Pricing & Negotiation;Integrations;Responsibilities & Routing;Tasks & Work Management;Behaviour & Limitations;Performance & Insights;Summary & Notes;Predictive Layers;Rules & Regulations;Memory;Setup Company (detailed);2-Step Verification;Import & Export Data;Reports;Integrations & MCP
2384,→ AI Co-marketing Coordinator,26,Separate Dashboard;Security Layer;Call;Chat System;SMS;Voice & Phone Number;Recording & Script;Location & Country;Company Setup;Model & Language;Timing & Scheduling;Pricing & Negotiation;Integrations;Responsibilities & Routing;Tasks & Work Management;Behaviour & Limitations;Performance & Insights;Summary & Notes;Predictive Layers;Rules & Regulations;Memory;Setup Company (detailed);2-Step Verification;Import & Export Data;Reports;Integrations & MCP
2417,19. AI Sales Operations Manager,26,Separate Dashboard;Security Layer;Call;Chat System;SMS;Voice & Phone Number;Recording & Script;Location & Country;Company Setup;Model & Language;Timing & Scheduling;Pricing & Negotiation;Integrations;Responsibilities & Routing;Tasks & Work Management;Behaviour & Limitations;Performance & Insights;Summary & Notes;Predictive Layers;Rules & Regulations;Memory;Setup Company (detailed);2-Step Verification;Import & Export Data;Reports;Integrations & MCP
2449,→ AI CRM Data Cleaner,26,Separate Dashboard;Security Layer;Call;Chat System;SMS;Voice & Phone Number;Recording & Script;Location & Country;Company Setup;Model & Language;Timing & Scheduling;Pricing & Negotiation;Integrations;Responsibilities & Routing;Tasks & Work Management;Behaviour & Limitations;Performance & Insights;Summary & Notes;Predictive Layers;Rules & Regulations;Memory;Setup Company (detailed);2-Step Verification;Import & Export Data;Reports;Integrations & MCP
2481,→ AI Sales Process Auditor,26,Separate Dashboard;Security Layer;Call;Chat System;SMS;Voice & Phone Number;Recording & Script;Location & Country;Company Setup;Model & Language;Timing & Scheduling;Pricing & Negotiation;Integrations;Responsibilities & Routing;Tasks & Work Management;Behaviour & Limitations;Performance & Insights;Summary & Notes;Predictive Layers;Rules & Regulations;Memory;Setup Company (detailed);2-Step Verification;Import & Export Data;Reports;Integrations & MCP
2513,→ AI Reporting Automator,26,Separate Dashboard;Security Layer;Call;Chat System;SMS;Voice & Phone Number;Recording & Script;Location & Country;Company Setup;Model & Language;Timing & Scheduling;Pricing & Negotiation;Integrations;Responsibilities & Routing;Tasks & Work Management;Behaviour & Limitations;Performance & Insights;Summary & Notes;Predictive Layers;Rules & Regulations;Memory;Setup Company (detailed);2-Step Verification;Import & Export Data;Reports;Integrations & MCP
2546,20. AI Lead Development Rep (SDR),26,Separate Dashboard;Security Layer;Call;Chat System;SMS;Voice & Phone Number;Recording & Script;Location & Country;Company Setup;Model & Language;Timing & Scheduling;Pricing & Negotiation;Integrations;Responsibilities & Routing;Tasks & Work Management;Behaviour & Limitations;Performance & Insights;Summary & Notes;Predictive Layers;Rules & Regulations;Memory;Setup Company (detailed);2-Step Verification;Import & Export Data;Reports;Integrations & MCP
2578,→ AI Prospect Researcher,26,Separate Dashboard;Security Layer;Call;Chat System;SMS;Voice & Phone Number;Recording & Script;Location & Country;Company Setup;Model & Language;Timing & Scheduling;Pricing & Negotiation;Integrations;Responsibilities & Routing;Tasks & Work Management;Behaviour & Limitations;Performance & Insights;Summary & Notes;Predictive Layers;Rules & Regulations;Memory;Setup Company (detailed);2-Step Verification;Import & Export Data;Reports;Integrations & MCP
2610,→ AI Outreach Sequencer,26,Separate Dashboard;Security Layer;Call;Chat System;SMS;Voice & Phone Number;Recording & Script;Location & Country;Company Setup;Model & Language;Timing & Scheduling;Pricing & Negotiation;Integrations;Responsibilities & Routing;Tasks & Work Management;Behaviour & Limitations;Performance & Insights;Summary & Notes;Predictive Layers;Rules & Regulations;Memory;Setup Company (detailed);2-Step Verification;Import & Export Data;Reports;Integrations & MCP
2642,→ AI Lead Scorer,26,Separate Dashboard;Security Layer;Call;Chat System;SMS;Voice & Phone Number;Recording & Script;Location & Country;Company Setup;Model & Language;Timing & Scheduling;Pricing & Negotiation;Integrations;Responsibilities & Routing;Tasks & Work Management;Behaviour & Limitations;Performance & Insights;Summary & Notes;Predictive Layers;Rules & Regulations;Memory;Setup Company (detailed);2-Step Verification;Import & Export Data;Reports;Integrations & MCP
2675,21. AI Sales Rep,26,Separate Dashboard;Security Layer;Call;Chat System;SMS;Voice & Phone Number;Recording & Script;Location & Country;Company Setup;Model & Language;Timing & Scheduling;Pricing & Negotiation;Integrations;Responsibilities & Routing;Tasks & Work Management;Behaviour & Limitations;Performance & Insights;Summary & Notes;Predictive Layers;Rules & Regulations;Memory;Setup Company (detailed);2-Step Verification;Import & Export Data;Reports;Integrations & MCP
2707,→ AI Discovery Questioner,26,Separate Dashboard;Security Layer;Call;Chat System;SMS;Voice & Phone Number;Recording & Script;Location & Country;Company Setup;Model & Language;Timing & Scheduling;Pricing & Negotiation;Integrations;Responsibilities & Routing;Tasks & Work Management;Behaviour & Limitations;Performance & Insights;Summary & Notes;Predictive Layers;Rules & Regulations;Memory;Setup Company (detailed);2-Step Verification;Import & Export Data;Reports;Integrations & MCP
2739,→ AI Demo Coordinator,26,Separate Dashboard;Security Layer;Call;Chat System;SMS;Voice & Phone Number;Recording & Script;Location & Country;Company Setup;Model & Language;Timing & Scheduling;Pricing & Negotiation;Integrations;Responsibilities & Routing;Tasks & Work Management;Behaviour & Limitations;Performance & Insights;Summary & Notes;Predictive Layers;Rules & Regulations;Memory;Setup Company (detailed);2-Step Verification;Import & Export Data;Reports;Integrations & MCP
2771,→ AI Objection Handler,26,Separate Dashboard;Security Layer;Call;Chat System;SMS;Voice & Phone Number;Recording & Script;Location & Country;Company Setup;Model & Language;Timing & Scheduling;Pricing & Negotiation;Integrations;Responsibilities & Routing;Tasks & Work Management;Behaviour & Limitations;Performance & Insights;Summary & Notes;Predictive Layers;Rules & Regulations;Memory;Setup Company (detailed);2-Step Verification;Import & Export Data;Reports;Integrations & MCP
2804,22. AI Sales Executive,26,Separate Dashboard;Security Layer;Call;Chat System;SMS;Voice & Phone Number;Recording & Script;Location & Country;Company Setup;Model & Language;Timing & Scheduling;Pricing & Negotiation;Integrations;Responsibilities & Routing;Tasks & Work Management;Behaviour & Limitations;Performance & Insights;Summary & Notes;Predictive Layers;Rules & Regulations;Memory;Setup Company (detailed);2-Step Verification;Import & Export Data;Reports;Integrations & MCP
2836,→ AI Deal Structurer,26,Separate Dashboard;Security Layer;Call;Chat System;SMS;Voice & Phone Number;Recording & Script;Location & Country;Company Setup;Model & Language;Timing & Scheduling;Pricing & Negotiation;Integrations;Responsibilities & Routing;Tasks & Work Management;Behaviour & Limitations;Performance & Insights;Summary & Notes;Predictive Layers;Rules & Regulations;Memory;Setup Company (detailed);2-Step Verification;Import & Export Data;Reports;Integrations & MCP
2868,→ AI Stakeholder Mapper,26,Separate Dashboard;Security Layer;Call;Chat System;SMS;Voice & Phone Number;Recording & Script;Location & Country;Company Setup;Model & Language;Timing & Scheduling;Pricing & Negotiation;Integrations;Responsibilities & Routing;Tasks & Work Management;Behaviour & Limitations;Performance & Insights;Summary & Notes;Predictive Layers;Rules & Regulations;Memory;Setup Company (detailed);2-Step Verification;Import & Export Data;Reports;Integrations & MCP
2900,→ AI Closing Strategist,26,Separate Dashboard;Security Layer;Call;Chat System;SMS;Voice & Phone Number;Recording & Script;Location & Country;Company Setup;Model & Language;Timing & Scheduling;Pricing & Negotiation;Integrations;Responsibilities & Routing;Tasks & Work Management;Behaviour & Limitations;Performance & Insights;Summary & Notes;Predictive Layers;Rules & Regulations;Memory;Setup Company (detailed);2-Step Verification;Import & Export Data;Reports;Integrations & MCP
2933,23. AI CRM Assistant,26,Separate Dashboard;Security Layer;Call;Chat System;SMS;Voice & Phone Number;Recording & Script;Location & Country;Company Setup;Model & Language;Timing & Scheduling;Pricing & Negotiation;Integrations;Responsibilities & Routing;Tasks & Work Management;Behaviour & Limitations;Performance & Insights;Summary & Notes;Predictive Layers;Rules & Regulations;Memory;Setup Company (detailed);2-Step Verification;Import & Export Data;Reports;Integrations & MCP
2965,→ AI Contact Updater,26,Separate Dashboard;Security Layer;Call;Chat System;SMS;Voice & Phone Number;Recording & Script;Location & Country;Company Setup;Model & Language;Timing & Scheduling;Pricing & Negotiation;Integrations;Responsibilities & Routing;Tasks & Work Management;Behaviour & Limitations;Performance & Insights;Summary & Notes;Predictive Layers;Rules & Regulations;Memory;Setup Company (detailed);2-Step Verification;Import & Export Data;Reports;Integrations & MCP
2997,→ AI Activity Logger,26,Separate Dashboard;Security Layer;Call;Chat System;SMS;Voice & Phone Number;Recording & Script;Location & Country;Company Setup;Model & Language;Timing & Scheduling;Pricing & Negotiation;Integrations;Responsibilities & Routing;Tasks & Work Management;Behaviour & Limitations;Performance & Insights;Summary & Notes;Predictive Layers;Rules & Regulations;Memory;Setup Company (detailed);2-Step Verification;Import & Export Data;Reports;Integrations & MCP
3029,→ AI Pipeline Organizer,26,Separate Dashboard;Security Layer;Call;Chat System;SMS;Voice & Phone Number;Recording & Script;Location & Country;Company Setup;Model & Language;Timing & Scheduling;Pricing & Negotiation;Integrations;Responsibilities & Routing;Tasks & Work Management;Behaviour & Limitations;Performance & Insights;Summary & Notes;Predictive Layers;Rules & Regulations;Memory;Setup Company (detailed);2-Step Verification;Import & Export Data;Reports;Integrations & MCP
3062,24. AI Proposal Generator,26,Separate Dashboard;Security Layer;Call;Chat System;SMS;Voice & Phone Number;Recording & Script;Location & Country;Company Setup;Model & Language;Timing & Scheduling;Pricing & Negotiation;Integrations;Responsibilities & Routing;Tasks & Work Management;Behaviour & Limitations;Performance & Insights;Summary & Notes;Predictive Layers;Rules & Regulations;Memory;Setup Company (detailed);2-Step Verification;Import & Export Data;Reports;Integrations & MCP
3094,→ AI Template Selector,26,Separate Dashboard;Security Layer;Call;Chat System;SMS;Voice & Phone Number;Recording & Script;Location & Country;Company Setup;Model & Language;Timing & Scheduling;Pricing & Negotiation;Integrations;Responsibilities & Routing;Tasks & Work Management;Behaviour & Limitations;Performance & Insights;Summary & Notes;Predictive Layers;Rules & Regulations;Memory;Setup Company (detailed);2-Step Verification;Import & Export Data;Reports;Integrations & MCP
3126,→ AI Pricing Calculator,26,Separate Dashboard;Security Layer;Call;Chat System;SMS;Voice & Phone Number;Recording & Script;Location & Country;Company Setup;Model & Language;Timing & Scheduling;Pricing & Negotiation;Integrations;Responsibilities & Routing;Tasks & Work Management;Behaviour & Limitations;Performance & Insights;Summary & Notes;Predictive Layers;Rules & Regulations;Memory;Setup Company (detailed);2-Step Verification;Import & Export Data;Reports;Integrations & MCP
3158,→ AI Proposal Reviewer,26,Separate Dashboard;Security Layer;Call;Chat System;SMS;Voice & Phone Number;Recording & Script;Location & Country;Company Setup;Model & Language;Timing & Scheduling;Pricing & Negotiation;Integrations;Responsibilities & Routing;Tasks & Work Management;Behaviour & Limitations;Performance & Insights;Summary & Notes;Predictive Layers;Rules & Regulations;Memory;Setup Company (detailed);2-Step Verification;Import & Export Data;Reports;Integrations & MCP
3191,25. AI Negotiator,26,Separate Dashboard;Security Layer;Call;Chat System;SMS;Voice & Phone Number;Recording & Script;Location & Country;Company Setup;Model & Language;Timing & Scheduling;Pricing & Negotiation;Integrations;Responsibilities & Routing;Tasks & Work Management;Behaviour & Limitations;Performance & Insights;Summary & Notes;Predictive Layers;Rules & Regulations;Memory;Setup Company (detailed);2-Step Verification;Import & Export Data;Reports;Integrations & MCP
3223,→ AI Term Analyzer,26,Separate Dashboard;Security Layer;Call;Chat System;SMS;Voice & Phone Number;Recording & Script;Location & Country;Company Setup;Model & Language;Timing & Scheduling;Pricing & Negotiation;Integrations;Responsibilities & Routing;Tasks & Work Management;Behaviour & Limitations;Performance & Insights;Summary & Notes;Predictive Layers;Rules & Regulations;Memory;Setup Company (detailed);2-Step Verification;Import & Export Data;Reports;Integrations & MCP
3255,→ AI Concession Tracker,26,Separate Dashboard;Security Layer;Call;Chat System;SMS;Voice & Phone Number;Recording & Script;Location & Country;Company Setup;Model & Language;Timing & Scheduling;Pricing & Negotiation;Integrations;Responsibilities & Routing;Tasks & Work Management;Behaviour & Limitations;Performance & Insights;Summary & Notes;Predictive Layers;Rules & Regulations;Memory;Setup Company (detailed);2-Step Verification;Import & Export Data;Reports;Integrations & MCP
3287,→ AI BATNA Calculator,26,Separate Dashboard;Security Layer;Call;Chat System;SMS;Voice & Phone Number;Recording & Script;Location & Country;Company Setup;Model & Language;Timing & Scheduling;Pricing & Negotiation;Integrations;Responsibilities & Routing;Tasks & Work Management;Behaviour & Limitations;Performance & Insights;Summary & Notes;Predictive Layers;Rules & Regulations;Memory;Setup Company (detailed);2-Step Verification;Import & Export Data;Reports;Integrations & MCP
3320,26. AI Pricing Analyst,26,Separate Dashboard;Security Layer;Call;Chat System;SMS;Voice & Phone Number;Recording & Script;Location & Country;Company Setup;Model & Language;Timing & Scheduling;Pricing & Negotiation;Integrations;Responsibilities & Routing;Tasks & Work Management;Behaviour & Limitations;Performance & Insights;Summary & Notes;Predictive Layers;Rules & Regulations;Memory;Setup Company (detailed);2-Step Verification;Import & Export Data;Reports;Integrations & MCP
3352,→ AI Competitor Price Tracker,26,Separate Dashboard;Security Layer;Call;Chat System;SMS;Voice & Phone Number;Recording & Script;Location & Country;Company Setup;Model & Language;Timing & Scheduling;Pricing & Negotiation;Integrations;Responsibilities & Routing;Tasks & Work Management;Behaviour & Limitations;Performance & Insights;Summary & Notes;Predictive Layers;Rules & Regulations;Memory;Setup Company (detailed);2-Step Verification;Import & Export Data;Reports;Integrations & MCP
3384,→ AI Margin Calculator,26,Separate Dashboard;Security Layer;Call;Chat System;SMS;Voice & Phone Number;Recording & Script;Location & Country;Company Setup;Model & Language;Timing & Scheduling;Pricing & Negotiation;Integrations;Responsibilities & Routing;Tasks & Work Management;Behaviour & Limitations;Performance & Insights;Summary & Notes;Predictive Layers;Rules & Regulations;Memory;Setup Company (detailed);2-Step Verification;Import & Export Data;Reports;Integrations & MCP
3416,→ AI Discount Approver,26,Separate Dashboard;Security Layer;Call;Chat System;SMS;Voice & Phone Number;Recording & Script;Location & Country;Company Setup;Model & Language;Timing & Scheduling;Pricing & Negotiation;Integrations;Responsibilities & Routing;Tasks & Work Management;Behaviour & Limitations;Performance & Insights;Summary & Notes;Predictive Layers;Rules & Regulations;Memory;Setup Company (detailed);2-Step Verification;Import & Export Data;Reports;Integrations & MCP
3449,27. AI Sales Forecasting Agent,26,Separate Dashboard;Security Layer;Call;Chat System;SMS;Voice & Phone Number;Recording & Script;Location & Country;Company Setup;Model & Language;Timing & Scheduling;Pricing & Negotiation;Integrations;Responsibilities & Routing;Tasks & Work Management;Behaviour & Limitations;Performance & Insights;Summary & Notes;Predictive Layers;Rules & Regulations;Memory;Setup Company (detailed);2-Step Verification;Import & Export Data;Reports;Integrations & MCP
3481,→ AI Trend Analyzer,26,Separate Dashboard;Security Layer;Call;Chat System;SMS;Voice & Phone Number;Recording & Script;Location & Country;Company Setup;Model & Language;Timing & Scheduling;Pricing & Negotiation;Integrations;Responsibilities & Routing;Tasks & Work Management;Behaviour & Limitations;Performance & Insights;Summary & Notes;Predictive Layers;Rules & Regulations;Memory;Setup Company (detailed);2-Step Verification;Import & Export Data;Reports;Integrations & MCP
3513,→ AI Seasonality Adjuster,26,Separate Dashboard;Security Layer;Call;Chat System;SMS;Voice & Phone Number;Recording & Script;Location & Country;Company Setup;Model & Language;Timing & Scheduling;Pricing & Negotiation;Integrations;Responsibilities & Routing;Tasks & Work Management;Behaviour & Limitations;Performance & Insights;Summary & Notes;Predictive Layers;Rules & Regulations;Memory;Setup Company (detailed);2-Step Verification;Import & Export Data;Reports;Integrations & MCP
3545,→ AI Pipeline Weighter,26,Separate Dashboard;Security Layer;Call;Chat System;SMS;Voice & Phone Number;Recording & Script;Location & Country;Company Setup;Model & Language;Timing & Scheduling;Pricing & Negotiation;Integrations;Responsibilities & Routing;Tasks & Work Management;Behaviour & Limitations;Performance & Insights;Summary & Notes;Predictive Layers;Rules & Regulations;Memory;Setup Company (detailed);2-Step Verification;Import & Export Data;Reports;Integrations & MCP
3578,28. AI Sales Enablement Agent,26,Separate Dashboard;Security Layer;Call;Chat System;SMS;Voice & Phone Number;Recording & Script;Location & Country;Company Setup;Model & Language;Timing & Scheduling;Pricing & Negotiation;Integrations;Responsibilities & Routing;Tasks & Work Management;Behaviour & Limitations;Performance & Insights;Summary & Notes;Predictive Layers;Rules & Regulations;Memory;Setup Company (detailed);2-Step Verification;Import & Export Data;Reports;Integrations & MCP
3610,→ AI Content Recommender,26,Separate Dashboard;Security Layer;Call;Chat System;SMS;Voice & Phone Number;Recording & Script;Location & Country;Company Setup;Model & Language;Timing & Scheduling;Pricing & Negotiation;Integrations;Responsibilities & Routing;Tasks & Work Management;Behaviour & Limitations;Performance & Insights;Summary & Notes;Predictive Layers;Rules & Regulations;Memory;Setup Company (detailed);2-Step Verification;Import & Export Data;Reports;Integrations & MCP
3642,→ AI Training Scheduler,26,Separate Dashboard;Security Layer;Call;Chat System;SMS;Voice & Phone Number;Recording & Script;Location & Country;Company Setup;Model & Language;Timing & Scheduling;Pricing & Negotiation;Integrations;Responsibilities & Routing;Tasks & Work Management;Behaviour & Limitations;Performance & Insights;Summary & Notes;Predictive Layers;Rules & Regulations;Memory;Setup Company (detailed);2-Step Verification;Import & Export Data;Reports;Integrations & MCP
3674,→ AI Playbook Updater,26,Separate Dashboard;Security Layer;Call;Chat System;SMS;Voice & Phone Number;Recording & Script;Location & Country;Company Setup;Model & Language;Timing & Scheduling;Pricing & Negotiation;Integrations;Responsibilities & Routing;Tasks & Work Management;Behaviour & Limitations;Performance & Insights;Summary & Notes;Predictive Layers;Rules & Regulations;Memory;Setup Company (detailed);2-Step Verification;Import & Export Data;Reports;Integrations & MCP
3711,29. AI Chief Marketing Officer,26,Separate Dashboard;Security Layer;Call;Chat System;SMS;Voice & Phone Number;Recording & Script;Location & Country;Company Setup;Model & Language;Timing & Scheduling;Pricing & Negotiation;Integrations;Responsibilities & Routing;Tasks & Work Management;Behaviour & Limitations;Performance & Insights;Summary & Notes;Predictive Layers;Rules & Regulations;Memory;Setup Company (detailed);2-Step Verification;Import & Export Data;Reports;Integrations & MCP
3743,→ AI Marketing Strategy Analyst,26,Separate Dashboard;Security Layer;Call;Chat System;SMS;Voice & Phone Number;Recording & Script;Location & Country;Company Setup;Model & Language;Timing & Scheduling;Pricing & Negotiation;Integrations;Responsibilities & Routing;Tasks & Work Management;Behaviour & Limitations;Performance & Insights;Summary & Notes;Predictive Layers;Rules & Regulations;Memory;Setup Company (detailed);2-Step Verification;Import & Export Data;Reports;Integrations & MCP
3775,→ AI Budget Allocator,26,Separate Dashboard;Security Layer;Call;Chat System;SMS;Voice & Phone Number;Recording & Script;Location & Country;Company Setup;Model & Language;Timing & Scheduling;Pricing & Negotiation;Integrations;Responsibilities & Routing;Tasks & Work Management;Behaviour & Limitations;Performance & Insights;Summary & Notes;Predictive Layers;Rules & Regulations;Memory;Setup Company (detailed);2-Step Verification;Import & Export Data;Reports;Integrations & MCP
3807,→ AI Campaign ROI Evaluator,26,Separate Dashboard;Security Layer;Call;Chat System;SMS;Voice & Phone Number;Recording & Script;Location & Country;Company Setup;Model & Language;Timing & Scheduling;Pricing & Negotiation;Integrations;Responsibilities & Routing;Tasks & Work Management;Behaviour & Limitations;Performance & Insights;Summary & Notes;Predictive Layers;Rules & Regulations;Memory;Setup Company (detailed);2-Step Verification;Import & Export Data;Reports;Integrations & MCP
3840,30. AI VP Marketing,26,Separate Dashboard;Security Layer;Call;Chat System;SMS;Voice & Phone Number;Recording & Script;Location & Country;Company Setup;Model & Language;Timing & Scheduling;Pricing & Negotiation;Integrations;Responsibilities & Routing;Tasks & Work Management;Behaviour & Limitations;Performance & Insights;Summary & Notes;Predictive Layers;Rules & Regulations;Memory;Setup Company (detailed);2-Step Verification;Import & Export Data;Reports;Integrations & MCP
3872,→ AI Channel Planner,26,Separate Dashboard;Security Layer;Call;Chat System;SMS;Voice & Phone Number;Recording & Script;Location & Country;Company Setup;Model & Language;Timing & Scheduling;Pricing & Negotiation;Integrations;Responsibilities & Routing;Tasks & Work Management;Behaviour & Limitations;Performance & Insights;Summary & Notes;Predictive Layers;Rules & Regulations;Memory;Setup Company (detailed);2-Step Verification;Import & Export Data;Reports;Integrations & MCP
3904,→ AI Marketing Calendar Manager,26,Separate Dashboard;Security Layer;Call;Chat System;SMS;Voice & Phone Number;Recording & Script;Location & Country;Company Setup;Model & Language;Timing & Scheduling;Pricing & Negotiation;Integrations;Responsibilities & Routing;Tasks & Work Management;Behaviour & Limitations;Performance & Insights;Summary & Notes;Predictive Layers;Rules & Regulations;Memory;Setup Company (detailed);2-Step Verification;Import & Export Data;Reports;Integrations & MCP
3936,→ AI Campaign Coordinator,26,Separate Dashboard;Security Layer;Call;Chat System;SMS;Voice & Phone Number;Recording & Script;Location & Country;Company Setup;Model & Language;Timing & Scheduling;Pricing & Negotiation;Integrations;Responsibilities & Routing;Tasks & Work Management;Behaviour & Limitations;Performance & Insights;Summary & Notes;Predictive Layers;Rules & Regulations;Memory;Setup Company (detailed);2-Step Verification;Import & Export Data;Reports;Integrations & MCP
3969,31. AI VP Brand,26,Separate Dashboard;Security Layer;Call;Chat System;SMS;Voice & Phone Number;Recording & Script;Location & Country;Company Setup;Model & Language;Timing & Scheduling;Pricing & Negotiation;Integrations;Responsibilities & Routing;Tasks & Work Management;Behaviour & Limitations;Performance & Insights;Summary & Notes;Predictive Layers;Rules & Regulations;Memory;Setup Company (detailed);2-Step Verification;Import & Export Data;Reports;Integrations & MCP
4001,→ AI Brand Perception Monitor,26,Separate Dashboard;Security Layer;Call;Chat System;SMS;Voice & Phone Number;Recording & Script;Location & Country;Company Setup;Model & Language;Timing & Scheduling;Pricing & Negotiation;Integrations;Responsibilities & Routing;Tasks & Work Management;Behaviour & Limitations;Performance & Insights;Summary & Notes;Predictive Layers;Rules & Regulations;Memory;Setup Company (detailed);2-Step Verification;Import & Export Data;Reports;Integrations & MCP
4033,→ AI Brand Guidelines Enforcer,26,Separate Dashboard;Security Layer;Call;Chat System;SMS;Voice & Phone Number;Recording & Script;Location & Country;Company Setup;Model & Language;Timing & Scheduling;Pricing & Negotiation;Integrations;Responsibilities & Routing;Tasks & Work Management;Behaviour & Limitations;Performance & Insights;Summary & Notes;Predictive Layers;Rules & Regulations;Memory;Setup Company (detailed);2-Step Verification;Import & Export Data;Reports;Integrations & MCP
4065,→ AI Visual Identity Auditor,26,Separate Dashboard;Security Layer;Call;Chat System;SMS;Voice & Phone Number;Recording & Script;Location & Country;Company Setup;Model & Language;Timing & Scheduling;Pricing & Negotiation;Integrations;Responsibilities & Routing;Tasks & Work Management;Behaviour & Limitations;Performance & Insights;Summary & Notes;Predictive Layers;Rules & Regulations;Memory;Setup Company (detailed);2-Step Verification;Import & Export Data;Reports;Integrations & MCP
4098,32. AI VP Growth,26,Separate Dashboard;Security Layer;Call;Chat System;SMS;Voice & Phone Number;Recording & Script;Location & Country;Company Setup;Model & Language;Timing & Scheduling;Pricing & Negotiation;Integrations;Responsibilities & Routing;Tasks & Work Management;Behaviour & Limitations;Performance & Insights;Summary & Notes;Predictive Layers;Rules & Regulations;Memory;Setup Company (detailed);2-Step Verification;Import & Export Data;Reports;Integrations & MCP
4130,→ AI Experiment Designer,26,Separate Dashboard;Security Layer;Call;Chat System;SMS;Voice & Phone Number;Recording & Script;Location & Country;Company Setup;Model & Language;Timing & Scheduling;Pricing & Negotiation;Integrations;Responsibilities & Routing;Tasks & Work Management;Behaviour & Limitations;Performance & Insights;Summary & Notes;Predictive Layers;Rules & Regulations;Memory;Setup Company (detailed);2-Step Verification;Import & Export Data;Reports;Integrations & MCP
4162,→ AI Funnel Analyzer,26,Separate Dashboard;Security Layer;Call;Chat System;SMS;Voice & Phone Number;Recording & Script;Location & Country;Company Setup;Model & Language;Timing & Scheduling;Pricing & Negotiation;Integrations;Responsibilities & Routing;Tasks & Work Management;Behaviour & Limitations;Performance & Insights;Summary & Notes;Predictive Layers;Rules & Regulations;Memory;Setup Company (detailed);2-Step Verification;Import & Export Data;Reports;Integrations & MCP
4194,→ AI A/B Test Coordinator,26,Separate Dashboard;Security Layer;Call;Chat System;SMS;Voice & Phone Number;Recording & Script;Location & Country;Company Setup;Model & Language;Timing & Scheduling;Pricing & Negotiation;Integrations;Responsibilities & Routing;Tasks & Work Management;Behaviour & Limitations;Performance & Insights;Summary & Notes;Predictive Layers;Rules & Regulations;Memory;Setup Company (detailed);2-Step Verification;Import & Export Data;Reports;Integrations & MCP
4227,33. AI VP Content,26,Separate Dashboard;Security Layer;Call;Chat System;SMS;Voice & Phone Number;Recording & Script;Location & Country;Company Setup;Model & Language;Timing & Scheduling;Pricing & Negotiation;Integrations;Responsibilities & Routing;Tasks & Work Management;Behaviour & Limitations;Performance & Insights;Summary & Notes;Predictive Layers;Rules & Regulations;Memory;Setup Company (detailed);2-Step Verification;Import & Export Data;Reports;Integrations & MCP
4259,→ AI Editorial Calendar Planner,26,Separate Dashboard;Security Layer;Call;Chat System;SMS;Voice & Phone Number;Recording & Script;Location & Country;Company Setup;Model & Language;Timing & Scheduling;Pricing & Negotiation;Integrations;Responsibilities & Routing;Tasks & Work Management;Behaviour & Limitations;Performance & Insights;Summary & Notes;Predictive Layers;Rules & Regulations;Memory;Setup Company (detailed);2-Step Verification;Import & Export Data;Reports;Integrations & MCP
4291,→ AI Content Quality Reviewer,26,Separate Dashboard;Security Layer;Call;Chat System;SMS;Voice & Phone Number;Recording & Script;Location & Country;Company Setup;Model & Language;Timing & Scheduling;Pricing & Negotiation;Integrations;Responsibilities & Routing;Tasks & Work Management;Behaviour & Limitations;Performance & Insights;Summary & Notes;Predictive Layers;Rules & Regulations;Memory;Setup Company (detailed);2-Step Verification;Import & Export Data;Reports;Integrations & MCP
4323,→ AI Repurposing Strategist,26,Separate Dashboard;Security Layer;Call;Chat System;SMS;Voice & Phone Number;Recording & Script;Location & Country;Company Setup;Model & Language;Timing & Scheduling;Pricing & Negotiation;Integrations;Responsibilities & Routing;Tasks & Work Management;Behaviour & Limitations;Performance & Insights;Summary & Notes;Predictive Layers;Rules & Regulations;Memory;Setup Company (detailed);2-Step Verification;Import & Export Data;Reports;Integrations & MCP
4356,34. AI VP Digital,26,Separate Dashboard;Security Layer;Call;Chat System;SMS;Voice & Phone Number;Recording & Script;Location & Country;Company Setup;Model & Language;Timing & Scheduling;Pricing & Negotiation;Integrations;Responsibilities & Routing;Tasks & Work Management;Behaviour & Limitations;Performance & Insights;Summary & Notes;Predictive Layers;Rules & Regulations;Memory;Setup Company (detailed);2-Step Verification;Import & Export Data;Reports;Integrations & MCP
4388,→ AI Digital Channel Optimizer,26,Separate Dashboard;Security Layer;Call;Chat System;SMS;Voice & Phone Number;Recording & Script;Location & Country;Company Setup;Model & Language;Timing & Scheduling;Pricing & Negotiation;Integrations;Responsibilities & Routing;Tasks & Work Management;Behaviour & Limitations;Performance & Insights;Summary & Notes;Predictive Layers;Rules & Regulations;Memory;Setup Company (detailed);2-Step Verification;Import & Export Data;Reports;Integrations & MCP
4420,→ AI Web Performance Tracker,26,Separate Dashboard;Security Layer;Call;Chat System;SMS;Voice & Phone Number;Recording & Script;Location & Country;Company Setup;Model & Language;Timing & Scheduling;Pricing & Negotiation;Integrations;Responsibilities & Routing;Tasks & Work Management;Behaviour & Limitations;Performance & Insights;Summary & Notes;Predictive Layers;Rules & Regulations;Memory;Setup Company (detailed);2-Step Verification;Import & Export Data;Reports;Integrations & MCP
4452,→ AI Conversion Analyst,26,Separate Dashboard;Security Layer;Call;Chat System;SMS;Voice & Phone Number;Recording & Script;Location & Country;Company Setup;Model & Language;Timing & Scheduling;Pricing & Negotiation;Integrations;Responsibilities & Routing;Tasks & Work Management;Behaviour & Limitations;Performance & Insights;Summary & Notes;Predictive Layers;Rules & Regulations;Memory;Setup Company (detailed);2-Step Verification;Import & Export Data;Reports;Integrations & MCP
4485,35. AI Marketing Manager,26,Separate Dashboard;Security Layer;Call;Chat System;SMS;Voice & Phone Number;Recording & Script;Location & Country;Company Setup;Model & Language;Timing & Scheduling;Pricing & Negotiation;Integrations;Responsibilities & Routing;Tasks & Work Management;Behaviour & Limitations;Performance & Insights;Summary & Notes;Predictive Layers;Rules & Regulations;Memory;Setup Company (detailed);2-Step Verification;Import & Export Data;Reports;Integrations & MCP
4517,→ AI Task Assigner,26,Separate Dashboard;Security Layer;Call;Chat System;SMS;Voice & Phone Number;Recording & Script;Location & Country;Company Setup;Model & Language;Timing & Scheduling;Pricing & Negotiation;Integrations;Responsibilities & Routing;Tasks & Work Management;Behaviour & Limitations;Performance & Insights;Summary & Notes;Predictive Layers;Rules & Regulations;Memory;Setup Company (detailed);2-Step Verification;Import & Export Data;Reports;Integrations & MCP
4549,→ AI Deadline Tracker,26,Separate Dashboard;Security Layer;Call;Chat System;SMS;Voice & Phone Number;Recording & Script;Location & Country;Company Setup;Model & Language;Timing & Scheduling;Pricing & Negotiation;Integrations;Responsibilities & Routing;Tasks & Work Management;Behaviour & Limitations;Performance & Insights;Summary & Notes;Predictive Layers;Rules & Regulations;Memory;Setup Company (detailed);2-Step Verification;Import & Export Data;Reports;Integrations & MCP
4581,→ AI Marketing Spend Monitor,26,Separate Dashboard;Security Layer;Call;Chat System;SMS;Voice & Phone Number;Recording & Script;Location & Country;Company Setup;Model & Language;Timing & Scheduling;Pricing & Negotiation;Integrations;Responsibilities & Routing;Tasks & Work Management;Behaviour & Limitations;Performance & Insights;Summary & Notes;Predictive Layers;Rules & Regulations;Memory;Setup Company (detailed);2-Step Verification;Import & Export Data;Reports;Integrations & MCP
4614,36. AI Content Marketing Agent,26,Separate Dashboard;Security Layer;Call;Chat System;SMS;Voice & Phone Number;Recording & Script;Location & Country;Company Setup;Model & Language;Timing & Scheduling;Pricing & Negotiation;Integrations;Responsibilities & Routing;Tasks & Work Management;Behaviour & Limitations;Performance & Insights;Summary & Notes;Predictive Layers;Rules & Regulations;Memory;Setup Company (detailed);2-Step Verification;Import & Export Data;Reports;Integrations & MCP
4646,→ AI Blog Writer,26,Separate Dashboard;Security Layer;Call;Chat System;SMS;Voice & Phone Number;Recording & Script;Location & Country;Company Setup;Model & Language;Timing & Scheduling;Pricing & Negotiation;Integrations;Responsibilities & Routing;Tasks & Work Management;Behaviour & Limitations;Performance & Insights;Summary & Notes;Predictive Layers;Rules & Regulations;Memory;Setup Company (detailed);2-Step Verification;Import & Export Data;Reports;Integrations & MCP
4678,→ AI Copy Editor,26,Separate Dashboard;Security Layer;Call;Chat System;SMS;Voice & Phone Number;Recording & Script;Location & Country;Company Setup;Model & Language;Timing & Scheduling;Pricing & Negotiation;Integrations;Responsibilities & Routing;Tasks & Work Management;Behaviour & Limitations;Performance & Insights;Summary & Notes;Predictive Layers;Rules & Regulations;Memory;Setup Company (detailed);2-Step Verification;Import & Export Data;Reports;Integrations & MCP
4710,→ AI Content Distributor,26,Separate Dashboard;Security Layer;Call;Chat System;SMS;Voice & Phone Number;Recording & Script;Location & Country;Company Setup;Model & Language;Timing & Scheduling;Pricing & Negotiation;Integrations;Responsibilities & Routing;Tasks & Work Management;Behaviour & Limitations;Performance & Insights;Summary & Notes;Predictive Layers;Rules & Regulations;Memory;Setup Company (detailed);2-Step Verification;Import & Export Data;Reports;Integrations & MCP
4743,37. AI SEO Specialist,26,Separate Dashboard;Security Layer;Call;Chat System;SMS;Voice & Phone Number;Recording & Script;Location & Country;Company Setup;Model & Language;Timing & Scheduling;Pricing & Negotiation;Integrations;Responsibilities & Routing;Tasks & Work Management;Behaviour & Limitations;Performance & Insights;Summary & Notes;Predictive Layers;Rules & Regulations;Memory;Setup Company (detailed);2-Step Verification;Import & Export Data;Reports;Integrations & MCP
4775,→ AI Keyword Researcher,26,Separate Dashboard;Security Layer;Call;Chat System;SMS;Voice & Phone Number;Recording & Script;Location & Country;Company Setup;Model & Language;Timing & Scheduling;Pricing & Negotiation;Integrations;Responsibilities & Routing;Tasks & Work Management;Behaviour & Limitations;Performance & Insights;Summary & Notes;Predictive Layers;Rules & Regulations;Memory;Setup Company (detailed);2-Step Verification;Import & Export Data;Reports;Integrations & MCP
4807,→ AI On-page Optimizer,26,Separate Dashboard;Security Layer;Call;Chat System;SMS;Voice & Phone Number;Recording & Script;Location & Country;Company Setup;Model & Language;Timing & Scheduling;Pricing & Negotiation;Integrations;Responsibilities & Routing;Tasks & Work Management;Behaviour & Limitations;Performance & Insights;Summary & Notes;Predictive Layers;Rules & Regulations;Memory;Setup Company (detailed);2-Step Verification;Import & Export Data;Reports;Integrations & MCP
4839,→ AI Backlink Analyzer,26,Separate Dashboard;Security Layer;Call;Chat System;SMS;Voice & Phone Number;Recording & Script;Location & Country;Company Setup;Model & Language;Timing & Scheduling;Pricing & Negotiation;Integrations;Responsibilities & Routing;Tasks & Work Management;Behaviour & Limitations;Performance & Insights;Summary & Notes;Predictive Layers;Rules & Regulations;Memory;Setup Company (detailed);2-Step Verification;Import & Export Data;Reports;Integrations & MCP
4872,38. AI Social Media Manager,26,Separate Dashboard;Security Layer;Call;Chat System;SMS;Voice & Phone Number;Recording & Script;Location & Country;Company Setup;Model & Language;Timing & Scheduling;Pricing & Negotiation;Integrations;Responsibilities & Routing;Tasks & Work Management;Behaviour & Limitations;Performance & Insights;Summary & Notes;Predictive Layers;Rules & Regulations;Memory;Setup Company (detailed);2-Step Verification;Import & Export Data;Reports;Integrations & MCP
4904,→ AI Post Scheduler,26,Separate Dashboard;Security Layer;Call;Chat System;SMS;Voice & Phone Number;Recording & Script;Location & Country;Company Setup;Model & Language;Timing & Scheduling;Pricing & Negotiation;Integrations;Responsibilities & Routing;Tasks & Work Management;Behaviour & Limitations;Performance & Insights;Summary & Notes;Predictive Layers;Rules & Regulations;Memory;Setup Company (detailed);2-Step Verification;Import & Export Data;Reports;Integrations & MCP
4936,→ AI Engagement Responder,26,Separate Dashboard;Security Layer;Call;Chat System;SMS;Voice & Phone Number;Recording & Script;Location & Country;Company Setup;Model & Language;Timing & Scheduling;Pricing & Negotiation;Integrations;Responsibilities & Routing;Tasks & Work Management;Behaviour & Limitations;Performance & Insights;Summary & Notes;Predictive Layers;Rules & Regulations;Memory;Setup Company (detailed);2-Step Verification;Import & Export Data;Reports;Integrations & MCP
4968,→ AI Trend Monitor,26,Separate Dashboard;Security Layer;Call;Chat System;SMS;Voice & Phone Number;Recording & Script;Location & Country;Company Setup;Model & Language;Timing & Scheduling;Pricing & Negotiation;Integrations;Responsibilities & Routing;Tasks & Work Management;Behaviour & Limitations;Performance & Insights;Summary & Notes;Predictive Layers;Rules & Regulations;Memory;Setup Company (detailed);2-Step Verification;Import & Export Data;Reports;Integrations & MCP
5001,39. AI Email Marketing Agent,26,Separate Dashboard;Security Layer;Call;Chat System;SMS;Voice & Phone Number;Recording & Script;Location & Country;Company Setup;Model & Language;Timing & Scheduling;Pricing & Negotiation;Integrations;Responsibilities & Routing;Tasks & Work Management;Behaviour & Limitations;Performance & Insights;Summary & Notes;Predictive Layers;Rules & Regulations;Memory;Setup Company (detailed);2-Step Verification;Import & Export Data;Reports;Integrations & MCP
5033,→ AI List Segmenter,26,Separate Dashboard;Security Layer;Call;Chat System;SMS;Voice & Phone Number;Recording & Script;Location & Country;Company Setup;Model & Language;Timing & Scheduling;Pricing & Negotiation;Integrations;Responsibilities & Routing;Tasks & Work Management;Behaviour & Limitations;Performance & Insights;Summary & Notes;Predictive Layers;Rules & Regulations;Memory;Setup Company (detailed);2-Step Verification;Import & Export Data;Reports;Integrations & MCP
5065,→ AI Template Designer,26,Separate Dashboard;Security Layer;Call;Chat System;SMS;Voice & Phone Number;Recording & Script;Location & Country;Company Setup;Model & Language;Timing & Scheduling;Pricing & Negotiation;Integrations;Responsibilities & Routing;Tasks & Work Management;Behaviour & Limitations;Performance & Insights;Summary & Notes;Predictive Layers;Rules & Regulations;Memory;Setup Company (detailed);2-Step Verification;Import & Export Data;Reports;Integrations & MCP
5097,→ AI Deliverability Monitor,26,Separate Dashboard;Security Layer;Call;Chat System;SMS;Voice & Phone Number;Recording & Script;Location & Country;Company Setup;Model & Language;Timing & Scheduling;Pricing & Negotiation;Integrations;Responsibilities & Routing;Tasks & Work Management;Behaviour & Limitations;Performance & Insights;Summary & Notes;Predictive Layers;Rules & Regulations;Memory;Setup Company (detailed);2-Step Verification;Import & Export Data;Reports;Integrations & MCP
5130,40. AI Ad Campaign Manager,26,Separate Dashboard;Security Layer;Call;Chat System;SMS;Voice & Phone Number;Recording & Script;Location & Country;Company Setup;Model & Language;Timing & Scheduling;Pricing & Negotiation;Integrations;Responsibilities & Routing;Tasks & Work Management;Behaviour & Limitations;Performance & Insights;Summary & Notes;Predictive Layers;Rules & Regulations;Memory;Setup Company (detailed);2-Step Verification;Import & Export Data;Reports;Integrations & MCP
5162,→ AI Bid Optimizer,26,Separate Dashboard;Security Layer;Call;Chat System;SMS;Voice & Phone Number;Recording & Script;Location & Country;Company Setup;Model & Language;Timing & Scheduling;Pricing & Negotiation;Integrations;Responsibilities & Routing;Tasks & Work Management;Behaviour & Limitations;Performance & Insights;Summary & Notes;Predictive Layers;Rules & Regulations;Memory;Setup Company (detailed);2-Step Verification;Import & Export Data;Reports;Integrations & MCP
5194,→ AI Creative Tester,26,Separate Dashboard;Security Layer;Call;Chat System;SMS;Voice & Phone Number;Recording & Script;Location & Country;Company Setup;Model & Language;Timing & Scheduling;Pricing & Negotiation;Integrations;Responsibilities & Routing;Tasks & Work Management;Behaviour & Limitations;Performance & Insights;Summary & Notes;Predictive Layers;Rules & Regulations;Memory;Setup Company (detailed);2-Step Verification;Import & Export Data;Reports;Integrations & MCP
5226,→ AI Audience Targeter,26,Separate Dashboard;Security Layer;Call;Chat System;SMS;Voice & Phone Number;Recording & Script;Location & Country;Company Setup;Model & Language;Timing & Scheduling;Pricing & Negotiation;Integrations;Responsibilities & Routing;Tasks & Work Management;Behaviour & Limitations;Performance & Insights;Summary & Notes;Predictive Layers;Rules & Regulations;Memory;Setup Company (detailed);2-Step Verification;Import & Export Data;Reports;Integrations & MCP
5259,41. AI Marketing Analytics Agent,26,Separate Dashboard;Security Layer;Call;Chat System;SMS;Voice & Phone Number;Recording & Script;Location & Country;Company Setup;Model & Language;Timing & Scheduling;Pricing & Negotiation;Integrations;Responsibilities & Routing;Tasks & Work Management;Behaviour & Limitations;Performance & Insights;Summary & Notes;Predictive Layers;Rules & Regulations;Memory;Setup Company (detailed);2-Step Verification;Import & Export Data;Reports;Integrations & MCP
5291,→ AI Attribution Modeler,26,Separate Dashboard;Security Layer;Call;Chat System;SMS;Voice & Phone Number;Recording & Script;Location & Country;Company Setup;Model & Language;Timing & Scheduling;Pricing & Negotiation;Integrations;Responsibilities & Routing;Tasks & Work Management;Behaviour & Limitations;Performance & Insights;Summary & Notes;Predictive Layers;Rules & Regulations;Memory;Setup Company (detailed);2-Step Verification;Import & Export Data;Reports;Integrations & MCP
5323,→ AI KPI Dashboard Builder,26,Separate Dashboard;Security Layer;Call;Chat System;SMS;Voice & Phone Number;Recording & Script;Location & Country;Company Setup;Model & Language;Timing & Scheduling;Pricing & Negotiation;Integrations;Responsibilities & Routing;Tasks & Work Management;Behaviour & Limitations;Performance & Insights;Summary & Notes;Predictive Layers;Rules & Regulations;Memory;Setup Company (detailed);2-Step Verification;Import & Export Data;Reports;Integrations & MCP
5355,→ AI Insight Summarizer,26,Separate Dashboard;Security Layer;Call;Chat System;SMS;Voice & Phone Number;Recording & Script;Location & Country;Company Setup;Model & Language;Timing & Scheduling;Pricing & Negotiation;Integrations;Responsibilities & Routing;Tasks & Work Management;Behaviour & Limitations;Performance & Insights;Summary & Notes;Predictive Layers;Rules & Regulations;Memory;Setup Company (detailed);2-Step Verification;Import & Export Data;Reports;Integrations & MCP
5388,42. AI Brand Manager,26,Separate Dashboard;Security Layer;Call;Chat System;SMS;Voice & Phone Number;Recording & Script;Location & Country;Company Setup;Model & Language;Timing & Scheduling;Pricing & Negotiation;Integrations;Responsibilities & Routing;Tasks & Work Management;Behaviour & Limitations;Performance & Insights;Summary & Notes;Predictive Layers;Rules & Regulations;Memory;Setup Company (detailed);2-Step Verification;Import & Export Data;Reports;Integrations & MCP
5420,→ AI Competitor Brand Tracker,26,Separate Dashboard;Security Layer;Call;Chat System;SMS;Voice & Phone Number;Recording & Script;Location & Country;Company Setup;Model & Language;Timing & Scheduling;Pricing & Negotiation;Integrations;Responsibilities & Routing;Tasks & Work Management;Behaviour & Limitations;Performance & Insights;Summary & Notes;Predictive Layers;Rules & Regulations;Memory;Setup Company (detailed);2-Step Verification;Import & Export Data;Reports;Integrations & MCP
5452,→ AI Brand Health Surveyor,26,Separate Dashboard;Security Layer;Call;Chat System;SMS;Voice & Phone Number;Recording & Script;Location & Country;Company Setup;Model & Language;Timing & Scheduling;Pricing & Negotiation;Integrations;Responsibilities & Routing;Tasks & Work Management;Behaviour & Limitations;Performance & Insights;Summary & Notes;Predictive Layers;Rules & Regulations;Memory;Setup Company (detailed);2-Step Verification;Import & Export Data;Reports;Integrations & MCP
5484,→ AI Messaging Aligner,26,Separate Dashboard;Security Layer;Call;Chat System;SMS;Voice & Phone Number;Recording & Script;Location & Country;Company Setup;Model & Language;Timing & Scheduling;Pricing & Negotiation;Integrations;Responsibilities & Routing;Tasks & Work Management;Behaviour & Limitations;Performance & Insights;Summary & Notes;Predictive Layers;Rules & Regulations;Memory;Setup Company (detailed);2-Step Verification;Import & Export Data;Reports;Integrations & MCP
5517,43. AI Growth Hacker,26,Separate Dashboard;Security Layer;Call;Chat System;SMS;Voice & Phone Number;Recording & Script;Location & Country;Company Setup;Model & Language;Timing & Scheduling;Pricing & Negotiation;Integrations;Responsibilities & Routing;Tasks & Work Management;Behaviour & Limitations;Performance & Insights;Summary & Notes;Predictive Layers;Rules & Regulations;Memory;Setup Company (detailed);2-Step Verification;Import & Export Data;Reports;Integrations & MCP
5549,→ AI Viral Loop Designer,26,Separate Dashboard;Security Layer;Call;Chat System;SMS;Voice & Phone Number;Recording & Script;Location & Country;Company Setup;Model & Language;Timing & Scheduling;Pricing & Negotiation;Integrations;Responsibilities & Routing;Tasks & Work Management;Behaviour & Limitations;Performance & Insights;Summary & Notes;Predictive Layers;Rules & Regulations;Memory;Setup Company (detailed);2-Step Verification;Import & Export Data;Reports;Integrations & MCP
5581,→ AI Referral Program Builder,26,Separate Dashboard;Security Layer;Call;Chat System;SMS;Voice & Phone Number;Recording & Script;Location & Country;Company Setup;Model & Language;Timing & Scheduling;Pricing & Negotiation;Integrations;Responsibilities & Routing;Tasks & Work Management;Behaviour & Limitations;Performance & Insights;Summary & Notes;Predictive Layers;Rules & Regulations;Memory;Setup Company (detailed);2-Step Verification;Import & Export Data;Reports;Integrations & MCP
5613,→ AI Acquisition Channel Tester,26,Separate Dashboard;Security Layer;Call;Chat System;SMS;Voice & Phone Number;Recording & Script;Location & Country;Company Setup;Model & Language;Timing & Scheduling;Pricing & Negotiation;Integrations;Responsibilities & Routing;Tasks & Work Management;Behaviour & Limitations;Performance & Insights;Summary & Notes;Predictive Layers;Rules & Regulations;Memory;Setup Company (detailed);2-Step Verification;Import & Export Data;Reports;Integrations & MCP
5650,44. AI Chief Operating Officer,26,Separate Dashboard;Security Layer;Call;Chat System;SMS;Voice & Phone Number;Recording & Script;Location & Country;Company Setup;Model & Language;Timing & Scheduling;Pricing & Negotiation;Integrations;Responsibilities & Routing;Tasks & Work Management;Behaviour & Limitations;Performance & Insights;Summary & Notes;Predictive Layers;Rules & Regulations;Memory;Setup Company (detailed);2-Step Verification;Import & Export Data;Reports;Integrations & MCP
5682,→ AI Operational Efficiency Analyst,26,Separate Dashboard;Security Layer;Call;Chat System;SMS;Voice & Phone Number;Recording & Script;Location & Country;Company Setup;Model & Language;Timing & Scheduling;Pricing & Negotiation;Integrations;Responsibilities & Routing;Tasks & Work Management;Behaviour & Limitations;Performance & Insights;Summary & Notes;Predictive Layers;Rules & Regulations;Memory;Setup Company (detailed);2-Step Verification;Import & Export Data;Reports;Integrations & MCP
5714,→ AI Cross-dept Coordinator,26,Separate Dashboard;Security Layer;Call;Chat System;SMS;Voice & Phone Number;Recording & Script;Location & Country;Company Setup;Model & Language;Timing & Scheduling;Pricing & Negotiation;Integrations;Responsibilities & Routing;Tasks & Work Management;Behaviour & Limitations;Performance & Insights;Summary & Notes;Predictive Layers;Rules & Regulations;Memory;Setup Company (detailed);2-Step Verification;Import & Export Data;Reports;Integrations & MCP
5746,→ AI Strategic Initiative Tracker,26,Separate Dashboard;Security Layer;Call;Chat System;SMS;Voice & Phone Number;Recording & Script;Location & Country;Company Setup;Model & Language;Timing & Scheduling;Pricing & Negotiation;Integrations;Responsibilities & Routing;Tasks & Work Management;Behaviour & Limitations;Performance & Insights;Summary & Notes;Predictive Layers;Rules & Regulations;Memory;Setup Company (detailed);2-Step Verification;Import & Export Data;Reports;Integrations & MCP
5781,→ AI Process Auditor,26,Separate Dashboard;Security Layer;Call;Chat System;SMS;Voice & Phone Number;Recording & Script;Location & Country;Company Setup;Model & Language;Timing & Scheduling;Pricing & Negotiation;Integrations;Responsibilities & Routing;Tasks & Work Management;Behaviour & Limitations;Performance & Insights;Summary & Notes;Predictive Layers;Rules & Regulations;Memory;Setup Company (detailed);2-Step Verification;Import & Export Data;Reports;Integrations & MCP
5813,→ AI SLA Monitor,26,Separate Dashboard;Security Layer;Call;Chat System;SMS;Voice & Phone Number;Recording & Script;Location & Country;Company Setup;Model & Language;Timing & Scheduling;Pricing & Negotiation;Integrations;Responsibilities & Routing;Tasks & Work Management;Behaviour & Limitations;Performance & Insights;Summary & Notes;Predictive Layers;Rules & Regulations;Memory;Setup Company (detailed);2-Step Verification;Import & Export Data;Reports;Integrations & MCP
5845,→ AI Capacity Planner,26,Separate Dashboard;Security Layer;Call;Chat System;SMS;Voice & Phone Number;Recording & Script;Location & Country;Company Setup;Model & Language;Timing & Scheduling;Pricing & Negotiation;Integrations;Responsibilities & Routing;Tasks & Work Management;Behaviour & Limitations;Performance & Insights;Summary & Notes;Predictive Layers;Rules & Regulations;Memory;Setup Company (detailed);2-Step Verification;Import & Export Data;Reports;Integrations & MCP
5880,→ AI Supplier Risk Assessor,26,Separate Dashboard;Security Layer;Call;Chat System;SMS;Voice & Phone Number;Recording & Script;Location & Country;Company Setup;Model & Language;Timing & Scheduling;Pricing & Negotiation;Integrations;Responsibilities & Routing;Tasks & Work Management;Behaviour & Limitations;Performance & Insights;Summary & Notes;Predictive Layers;Rules & Regulations;Memory;Setup Company (detailed);2-Step Verification;Import & Export Data;Reports;Integrations & MCP
5912,→ AI Inventory Optimizer,26,Separate Dashboard;Security Layer;Call;Chat System;SMS;Voice & Phone Number;Recording & Script;Location & Country;Company Setup;Model & Language;Timing & Scheduling;Pricing & Negotiation;Integrations;Responsibilities & Routing;Tasks & Work Management;Behaviour & Limitations;Performance & Insights;Summary & Notes;Predictive Layers;Rules & Regulations;Memory;Setup Company (detailed);2-Step Verification;Import & Export Data;Reports;Integrations & MCP
5944,→ AI Logistics Cost Analyzer,26,Separate Dashboard;Security Layer;Call;Chat System;SMS;Voice & Phone Number;Recording & Script;Location & Country;Company Setup;Model & Language;Timing & Scheduling;Pricing & Negotiation;Integrations;Responsibilities & Routing;Tasks & Work Management;Behaviour & Limitations;Performance & Insights;Summary & Notes;Predictive Layers;Rules & Regulations;Memory;Setup Company (detailed);2-Step Verification;Import & Export Data;Reports;Integrations & MCP
5979,→ AI Quality Standards Enforcer,26,Separate Dashboard;Security Layer;Call;Chat System;SMS;Voice & Phone Number;Recording & Script;Location & Country;Company Setup;Model & Language;Timing & Scheduling;Pricing & Negotiation;Integrations;Responsibilities & Routing;Tasks & Work Management;Behaviour & Limitations;Performance & Insights;Summary & Notes;Predictive Layers;Rules & Regulations;Memory;Setup Company (detailed);2-Step Verification;Import & Export Data;Reports;Integrations & MCP
6011,→ AI Defect Pattern Analyzer,26,Separate Dashboard;Security Layer;Call;Chat System;SMS;Voice & Phone Number;Recording & Script;Location & Country;Company Setup;Model & Language;Timing & Scheduling;Pricing & Negotiation;Integrations;Responsibilities & Routing;Tasks & Work Management;Behaviour & Limitations;Performance & Insights;Summary & Notes;Predictive Layers;Rules & Regulations;Memory;Setup Company (detailed);2-Step Verification;Import & Export Data;Reports;Integrations & MCP
6043,→ AI Compliance Tracker,26,Separate Dashboard;Security Layer;Call;Chat System;SMS;Voice & Phone Number;Recording & Script;Location & Country;Company Setup;Model & Language;Timing & Scheduling;Pricing & Negotiation;Integrations;Responsibilities & Routing;Tasks & Work Management;Behaviour & Limitations;Performance & Insights;Summary & Notes;Predictive Layers;Rules & Regulations;Memory;Setup Company (detailed);2-Step Verification;Import & Export Data;Reports;Integrations & MCP
6078,→ AI Space Utilization Analyst,26,Separate Dashboard;Security Layer;Call;Chat System;SMS;Voice & Phone Number;Recording & Script;Location & Country;Company Setup;Model & Language;Timing & Scheduling;Pricing & Negotiation;Integrations;Responsibilities & Routing;Tasks & Work Management;Behaviour & Limitations;Performance & Insights;Summary & Notes;Predictive Layers;Rules & Regulations;Memory;Setup Company (detailed);2-Step Verification;Import & Export Data;Reports;Integrations & MCP
6110,→ AI Maintenance Scheduler,26,Separate Dashboard;Security Layer;Call;Chat System;SMS;Voice & Phone Number;Recording & Script;Location & Country;Company Setup;Model & Language;Timing & Scheduling;Pricing & Negotiation;Integrations;Responsibilities & Routing;Tasks & Work Management;Behaviour & Limitations;Performance & Insights;Summary & Notes;Predictive Layers;Rules & Regulations;Memory;Setup Company (detailed);2-Step Verification;Import & Export Data;Reports;Integrations & MCP
6142,→ AI Energy Efficiency Monitor,26,Separate Dashboard;Security Layer;Call;Chat System;SMS;Voice & Phone Number;Recording & Script;Location & Country;Company Setup;Model & Language;Timing & Scheduling;Pricing & Negotiation;Integrations;Responsibilities & Routing;Tasks & Work Management;Behaviour & Limitations;Performance & Insights;Summary & Notes;Predictive Layers;Rules & Regulations;Memory;Setup Company (detailed);2-Step Verification;Import & Export Data;Reports;Integrations & MCP
6177,→ AI Milestone Tracker,26,Separate Dashboard;Security Layer;Call;Chat System;SMS;Voice & Phone Number;Recording & Script;Location & Country;Company Setup;Model & Language;Timing & Scheduling;Pricing & Negotiation;Integrations;Responsibilities & Routing;Tasks & Work Management;Behaviour & Limitations;Performance & Insights;Summary & Notes;Predictive Layers;Rules & Regulations;Memory;Setup Company (detailed);2-Step Verification;Import & Export Data;Reports;Integrations & MCP
6209,→ AI Resource Allocator,26,Separate Dashboard;Security Layer;Call;Chat System;SMS;Voice & Phone Number;Recording & Script;Location & Country;Company Setup;Model & Language;Timing & Scheduling;Pricing & Negotiation;Integrations;Responsibilities & Routing;Tasks & Work Management;Behaviour & Limitations;Performance & Insights;Summary & Notes;Predictive Layers;Rules & Regulations;Memory;Setup Company (detailed);2-Step Verification;Import & Export Data;Reports;Integrations & MCP
6241,→ AI Risk Identifier,26,Separate Dashboard;Security Layer;Call;Chat System;SMS;Voice & Phone Number;Recording & Script;Location & Country;Company Setup;Model & Language;Timing & Scheduling;Pricing & Negotiation;Integrations;Responsibilities & Routing;Tasks & Work Management;Behaviour & Limitations;Performance & Insights;Summary & Notes;Predictive Layers;Rules & Regulations;Memory;Setup Company (detailed);2-Step Verification;Import & Export Data;Reports;Integrations & MCP
6276,→ AI Daily Operations Coordinator,26,Separate Dashboard;Security Layer;Call;Chat System;SMS;Voice & Phone Number;Recording & Script;Location & Country;Company Setup;Model & Language;Timing & Scheduling;Pricing & Negotiation;Integrations;Responsibilities & Routing;Tasks & Work Management;Behaviour & Limitations;Performance & Insights;Summary & Notes;Predictive Layers;Rules & Regulations;Memory;Setup Company (detailed);2-Step Verification;Import & Export Data;Reports;Integrations & MCP
6308,→ AI Escalation Handler,26,Separate Dashboard;Security Layer;Call;Chat System;SMS;Voice & Phone Number;Recording & Script;Location & Country;Company Setup;Model & Language;Timing & Scheduling;Pricing & Negotiation;Integrations;Responsibilities & Routing;Tasks & Work Management;Behaviour & Limitations;Performance & Insights;Summary & Notes;Predictive Layers;Rules & Regulations;Memory;Setup Company (detailed);2-Step Verification;Import & Export Data;Reports;Integrations & MCP
6340,→ AI Performance Reporter,26,Separate Dashboard;Security Layer;Call;Chat System;SMS;Voice & Phone Number;Recording & Script;Location & Country;Company Setup;Model & Language;Timing & Scheduling;Pricing & Negotiation;Integrations;Responsibilities & Routing;Tasks & Work Management;Behaviour & Limitations;Performance & Insights;Summary & Notes;Predictive Layers;Rules & Regulations;Memory;Setup Company (detailed);2-Step Verification;Import & Export Data;Reports;Integrations & MCP
6375,→ AI Workflow Monitor,26,Separate Dashboard;Security Layer;Call;Chat System;SMS;Voice & Phone Number;Recording & Script;Location & Country;Company Setup;Model & Language;Timing & Scheduling;Pricing & Negotiation;Integrations;Responsibilities & Routing;Tasks & Work Management;Behaviour & Limitations;Performance & Insights;Summary & Notes;Predictive Layers;Rules & Regulations;Memory;Setup Company (detailed);2-Step Verification;Import & Export Data;Reports;Integrations & MCP
6407,→ AI Bottleneck Detector,26,Separate Dashboard;Security Layer;Call;Chat System;SMS;Voice & Phone Number;Recording & Script;Location & Country;Company Setup;Model & Language;Timing & Scheduling;Pricing & Negotiation;Integrations;Responsibilities & Routing;Tasks & Work Management;Behaviour & Limitations;Performance & Insights;Summary & Notes;Predictive Layers;Rules & Regulations;Memory;Setup Company (detailed);2-Step Verification;Import & Export Data;Reports;Integrations & MCP
6439,→ AI Efficiency Reporter,26,Separate Dashboard;Security Layer;Call;Chat System;SMS;Voice & Phone Number;Recording & Script;Location & Country;Company Setup;Model & Language;Timing & Scheduling;Pricing & Negotiation;Integrations;Responsibilities & Routing;Tasks & Work Management;Behaviour & Limitations;Performance & Insights;Summary & Notes;Predictive Layers;Rules & Regulations;Memory;Setup Company (detailed);2-Step Verification;Import & Export Data;Reports;Integrations & MCP
6474,→ AI Process Mapper,26,Separate Dashboard;Security Layer;Call;Chat System;SMS;Voice & Phone Number;Recording & Script;Location & Country;Company Setup;Model & Language;Timing & Scheduling;Pricing & Negotiation;Integrations;Responsibilities & Routing;Tasks & Work Management;Behaviour & Limitations;Performance & Insights;Summary & Notes;Predictive Layers;Rules & Regulations;Memory;Setup Company (detailed);2-Step Verification;Import & Export Data;Reports;Integrations & MCP
6506,→ AI Automation Rule Builder,26,Separate Dashboard;Security Layer;Call;Chat System;SMS;Voice & Phone Number;Recording & Script;Location & Country;Company Setup;Model & Language;Timing & Scheduling;Pricing & Negotiation;Integrations;Responsibilities & Routing;Tasks & Work Management;Behaviour & Limitations;Performance & Insights;Summary & Notes;Predictive Layers;Rules & Regulations;Memory;Setup Company (detailed);2-Step Verification;Import & Export Data;Reports;Integrations & MCP
6538,→ AI Exception Handler,26,Separate Dashboard;Security Layer;Call;Chat System;SMS;Voice & Phone Number;Recording & Script;Location & Country;Company Setup;Model & Language;Timing & Scheduling;Pricing & Negotiation;Integrations;Responsibilities & Routing;Tasks & Work Management;Behaviour & Limitations;Performance & Insights;Summary & Notes;Predictive Layers;Rules & Regulations;Memory;Setup Company (detailed);2-Step Verification;Import & Export Data;Reports;Integrations & MCP
6573,→ AI Task Prioritizer,26,Separate Dashboard;Security Layer;Call;Chat System;SMS;Voice & Phone Number;Recording & Script;Location & Country;Company Setup;Model & Language;Timing & Scheduling;Pricing & Negotiation;Integrations;Responsibilities & Routing;Tasks & Work Management;Behaviour & Limitations;Performance & Insights;Summary & Notes;Predictive Layers;Rules & Regulations;Memory;Setup Company (detailed);2-Step Verification;Import & Export Data;Reports;Integrations & MCP
6605,→ AI Deadline Enforcer,26,Separate Dashboard;Security Layer;Call;Chat System;SMS;Voice & Phone Number;Recording & Script;Location & Country;Company Setup;Model & Language;Timing & Scheduling;Pricing & Negotiation;Integrations;Responsibilities & Routing;Tasks & Work Management;Behaviour & Limitations;Performance & Insights;Summary & Notes;Predictive Layers;Rules & Regulations;Memory;Setup Company (detailed);2-Step Verification;Import & Export Data;Reports;Integrations & MCP
6637,→ AI Dependency Tracker,26,Separate Dashboard;Security Layer;Call;Chat System;SMS;Voice & Phone Number;Recording & Script;Location & Country;Company Setup;Model & Language;Timing & Scheduling;Pricing & Negotiation;Integrations;Responsibilities & Routing;Tasks & Work Management;Behaviour & Limitations;Performance & Insights;Summary & Notes;Predictive Layers;Rules & Regulations;Memory;Setup Company (detailed);2-Step Verification;Import & Export Data;Reports;Integrations & MCP
6672,→ AI Lean Analyst,26,Separate Dashboard;Security Layer;Call;Chat System;SMS;Voice & Phone Number;Recording & Script;Location & Country;Company Setup;Model & Language;Timing & Scheduling;Pricing & Negotiation;Integrations;Responsibilities & Routing;Tasks & Work Management;Behaviour & Limitations;Performance & Insights;Summary & Notes;Predictive Layers;Rules & Regulations;Memory;Setup Company (detailed);2-Step Verification;Import & Export Data;Reports;Integrations & MCP
6704,→ AI Waste Identifier,26,Separate Dashboard;Security Layer;Call;Chat System;SMS;Voice & Phone Number;Recording & Script;Location & Country;Company Setup;Model & Language;Timing & Scheduling;Pricing & Negotiation;Integrations;Responsibilities & Routing;Tasks & Work Management;Behaviour & Limitations;Performance & Insights;Summary & Notes;Predictive Layers;Rules & Regulations;Memory;Setup Company (detailed);2-Step Verification;Import & Export Data;Reports;Integrations & MCP
6736,→ AI Improvement Recommender,26,Separate Dashboard;Security Layer;Call;Chat System;SMS;Voice & Phone Number;Recording & Script;Location & Country;Company Setup;Model & Language;Timing & Scheduling;Pricing & Negotiation;Integrations;Responsibilities & Routing;Tasks & Work Management;Behaviour & Limitations;Performance & Insights;Summary & Notes;Predictive Layers;Rules & Regulations;Memory;Setup Company (detailed);2-Step Verification;Import & Export Data;Reports;Integrations & MCP
6771,→ AI Demand Forecaster,26,Separate Dashboard;Security Layer;Call;Chat System;SMS;Voice & Phone Number;Recording & Script;Location & Country;Company Setup;Model & Language;Timing & Scheduling;Pricing & Negotiation;Integrations;Responsibilities & Routing;Tasks & Work Management;Behaviour & Limitations;Performance & Insights;Summary & Notes;Predictive Layers;Rules & Regulations;Memory;Setup Company (detailed);2-Step Verification;Import & Export Data;Reports;Integrations & MCP
6803,→ AI Allocation Optimizer,26,Separate Dashboard;Security Layer;Call;Chat System;SMS;Voice & Phone Number;Recording & Script;Location & Country;Company Setup;Model & Language;Timing & Scheduling;Pricing & Negotiation;Integrations;Responsibilities & Routing;Tasks & Work Management;Behaviour & Limitations;Performance & Insights;Summary & Notes;Predictive Layers;Rules & Regulations;Memory;Setup Company (detailed);2-Step Verification;Import & Export Data;Reports;Integrations & MCP
6835,→ AI Utilization Tracker,26,Separate Dashboard;Security Layer;Call;Chat System;SMS;Voice & Phone Number;Recording & Script;Location & Country;Company Setup;Model & Language;Timing & Scheduling;Pricing & Negotiation;Integrations;Responsibilities & Routing;Tasks & Work Management;Behaviour & Limitations;Performance & Insights;Summary & Notes;Predictive Layers;Rules & Regulations;Memory;Setup Company (detailed);2-Step Verification;Import & Export Data;Reports;Integrations & MCP
6870,→ AI Test Case Generator,26,Separate Dashboard;Security Layer;Call;Chat System;SMS;Voice & Phone Number;Recording & Script;Location & Country;Company Setup;Model & Language;Timing & Scheduling;Pricing & Negotiation;Integrations;Responsibilities & Routing;Tasks & Work Management;Behaviour & Limitations;Performance & Insights;Summary & Notes;Predictive Layers;Rules & Regulations;Memory;Setup Company (detailed);2-Step Verification;Import & Export Data;Reports;Integrations & MCP
6902,→ AI Defect Logger,26,Separate Dashboard;Security Layer;Call;Chat System;SMS;Voice & Phone Number;Recording & Script;Location & Country;Company Setup;Model & Language;Timing & Scheduling;Pricing & Negotiation;Integrations;Responsibilities & Routing;Tasks & Work Management;Behaviour & Limitations;Performance & Insights;Summary & Notes;Predictive Layers;Rules & Regulations;Memory;Setup Company (detailed);2-Step Verification;Import & Export Data;Reports;Integrations & MCP
6934,→ AI Regression Tracker,26,Separate Dashboard;Security Layer;Call;Chat System;SMS;Voice & Phone Number;Recording & Script;Location & Country;Company Setup;Model & Language;Timing & Scheduling;Pricing & Negotiation;Integrations;Responsibilities & Routing;Tasks & Work Management;Behaviour & Limitations;Performance & Insights;Summary & Notes;Predictive Layers;Rules & Regulations;Memory;Setup Company (detailed);2-Step Verification;Import & Export Data;Reports;Integrations & MCP
6973,→ AI Financial Strategy Advisor,26,Separate Dashboard;Security Layer;Call;Chat System;SMS;Voice & Phone Number;Recording & Script;Location & Country;Company Setup;Model & Language;Timing & Scheduling;Pricing & Negotiation;Integrations;Responsibilities & Routing;Tasks & Work Management;Behaviour & Limitations;Performance & Insights;Summary & Notes;Predictive Layers;Rules & Regulations;Memory;Setup Company (detailed);2-Step Verification;Import & Export Data;Reports;Integrations & MCP
7005,→ AI Capital Allocation Optimizer,26,Separate Dashboard;Security Layer;Call;Chat System;SMS;Voice & Phone Number;Recording & Script;Location & Country;Company Setup;Model & Language;Timing & Scheduling;Pricing & Negotiation;Integrations;Responsibilities & Routing;Tasks & Work Management;Behaviour & Limitations;Performance & Insights;Summary & Notes;Predictive Layers;Rules & Regulations;Memory;Setup Company (detailed);2-Step Verification;Import & Export Data;Reports;Integrations & MCP
7037,→ AI Risk-Reward Analyst,26,Separate Dashboard;Security Layer;Call;Chat System;SMS;Voice & Phone Number;Recording & Script;Location & Country;Company Setup;Model & Language;Timing & Scheduling;Pricing & Negotiation;Integrations;Responsibilities & Routing;Tasks & Work Management;Behaviour & Limitations;Performance & Insights;Summary & Notes;Predictive Layers;Rules & Regulations;Memory;Setup Company (detailed);2-Step Verification;Import & Export Data;Reports;Integrations & MCP
7072,→ AI Financial Modeler,26,Separate Dashboard;Security Layer;Call;Chat System;SMS;Voice & Phone Number;Recording & Script;Location & Country;Company Setup;Model & Language;Timing & Scheduling;Pricing & Negotiation;Integrations;Responsibilities & Routing;Tasks & Work Management;Behaviour & Limitations;Performance & Insights;Summary & Notes;Predictive Layers;Rules & Regulations;Memory;Setup Company (detailed);2-Step Verification;Import & Export Data;Reports;Integrations & MCP
7104,→ AI Cash Flow Forecaster,26,Separate Dashboard;Security Layer;Call;Chat System;SMS;Voice & Phone Number;Recording & Script;Location & Country;Company Setup;Model & Language;Timing & Scheduling;Pricing & Negotiation;Integrations;Responsibilities & Routing;Tasks & Work Management;Behaviour & Limitations;Performance & Insights;Summary & Notes;Predictive Layers;Rules & Regulations;Memory;Setup Company (detailed);2-Step Verification;Import & Export Data;Reports;Integrations & MCP
7136,→ AI Investment Appraiser,26,Separate Dashboard;Security Layer;Call;Chat System;SMS;Voice & Phone Number;Recording & Script;Location & Country;Company Setup;Model & Language;Timing & Scheduling;Pricing & Negotiation;Integrations;Responsibilities & Routing;Tasks & Work Management;Behaviour & Limitations;Performance & Insights;Summary & Notes;Predictive Layers;Rules & Regulations;Memory;Setup Company (detailed);2-Step Verification;Import & Export Data;Reports;Integrations & MCP
7171,→ AI Ledger Reconciler,26,Separate Dashboard;Security Layer;Call;Chat System;SMS;Voice & Phone Number;Recording & Script;Location & Country;Company Setup;Model & Language;Timing & Scheduling;Pricing & Negotiation;Integrations;Responsibilities & Routing;Tasks & Work Management;Behaviour & Limitations;Performance & Insights;Summary & Notes;Predictive Layers;Rules & Regulations;Memory;Setup Company (detailed);2-Step Verification;Import & Export Data;Reports;Integrations & MCP
7203,→ AI Accounting Standards Enforcer,26,Separate Dashboard;Security Layer;Call;Chat System;SMS;Voice & Phone Number;Recording & Script;Location & Country;Company Setup;Model & Language;Timing & Scheduling;Pricing & Negotiation;Integrations;Responsibilities & Routing;Tasks & Work Management;Behaviour & Limitations;Performance & Insights;Summary & Notes;Predictive Layers;Rules & Regulations;Memory;Setup Company (detailed);2-Step Verification;Import & Export Data;Reports;Integrations & MCP
7235,→ AI Close Process Coordinator,26,Separate Dashboard;Security Layer;Call;Chat System;SMS;Voice & Phone Number;Recording & Script;Location & Country;Company Setup;Model & Language;Timing & Scheduling;Pricing & Negotiation;Integrations;Responsibilities & Routing;Tasks & Work Management;Behaviour & Limitations;Performance & Insights;Summary & Notes;Predictive Layers;Rules & Regulations;Memory;Setup Company (detailed);2-Step Verification;Import & Export Data;Reports;Integrations & MCP
7270,→ AI Liquidity Manager,26,Separate Dashboard;Security Layer;Call;Chat System;SMS;Voice & Phone Number;Recording & Script;Location & Country;Company Setup;Model & Language;Timing & Scheduling;Pricing & Negotiation;Integrations;Responsibilities & Routing;Tasks & Work Management;Behaviour & Limitations;Performance & Insights;Summary & Notes;Predictive Layers;Rules & Regulations;Memory;Setup Company (detailed);2-Step Verification;Import & Export Data;Reports;Integrations & MCP
7302,→ AI FX Risk Hedger,26,Separate Dashboard;Security Layer;Call;Chat System;SMS;Voice & Phone Number;Recording & Script;Location & Country;Company Setup;Model & Language;Timing & Scheduling;Pricing & Negotiation;Integrations;Responsibilities & Routing;Tasks & Work Management;Behaviour & Limitations;Performance & Insights;Summary & Notes;Predictive Layers;Rules & Regulations;Memory;Setup Company (detailed);2-Step Verification;Import & Export Data;Reports;Integrations & MCP
7334,→ AI Bank Relationship Coordinator,26,Separate Dashboard;Security Layer;Call;Chat System;SMS;Voice & Phone Number;Recording & Script;Location & Country;Company Setup;Model & Language;Timing & Scheduling;Pricing & Negotiation;Integrations;Responsibilities & Routing;Tasks & Work Management;Behaviour & Limitations;Performance & Insights;Summary & Notes;Predictive Layers;Rules & Regulations;Memory;Setup Company (detailed);2-Step Verification;Import & Export Data;Reports;Integrations & MCP
7369,→ AI Earnings Report Drafter,26,Separate Dashboard;Security Layer;Call;Chat System;SMS;Voice & Phone Number;Recording & Script;Location & Country;Company Setup;Model & Language;Timing & Scheduling;Pricing & Negotiation;Integrations;Responsibilities & Routing;Tasks & Work Management;Behaviour & Limitations;Performance & Insights;Summary & Notes;Predictive Layers;Rules & Regulations;Memory;Setup Company (detailed);2-Step Verification;Import & Export Data;Reports;Integrations & MCP
7401,→ AI Investor Query Responder,26,Separate Dashboard;Security Layer;Call;Chat System;SMS;Voice & Phone Number;Recording & Script;Location & Country;Company Setup;Model & Language;Timing & Scheduling;Pricing & Negotiation;Integrations;Responsibilities & Routing;Tasks & Work Management;Behaviour & Limitations;Performance & Insights;Summary & Notes;Predictive Layers;Rules & Regulations;Memory;Setup Company (detailed);2-Step Verification;Import & Export Data;Reports;Integrations & MCP
7433,→ AI Market Sentiment Tracker,26,Separate Dashboard;Security Layer;Call;Chat System;SMS;Voice & Phone Number;Recording & Script;Location & Country;Company Setup;Model & Language;Timing & Scheduling;Pricing & Negotiation;Integrations;Responsibilities & Routing;Tasks & Work Management;Behaviour & Limitations;Performance & Insights;Summary & Notes;Predictive Layers;Rules & Regulations;Memory;Setup Company (detailed);2-Step Verification;Import & Export Data;Reports;Integrations & MCP
7468,→ AI GL Reviewer,26,Separate Dashboard;Security Layer;Call;Chat System;SMS;Voice & Phone Number;Recording & Script;Location & Country;Company Setup;Model & Language;Timing & Scheduling;Pricing & Negotiation;Integrations;Responsibilities & Routing;Tasks & Work Management;Behaviour & Limitations;Performance & Insights;Summary & Notes;Predictive Layers;Rules & Regulations;Memory;Setup Company (detailed);2-Step Verification;Import & Export Data;Reports;Integrations & MCP
7500,→ AI Variance Analyzer,26,Separate Dashboard;Security Layer;Call;Chat System;SMS;Voice & Phone Number;Recording & Script;Location & Country;Company Setup;Model & Language;Timing & Scheduling;Pricing & Negotiation;Integrations;Responsibilities & Routing;Tasks & Work Management;Behaviour & Limitations;Performance & Insights;Summary & Notes;Predictive Layers;Rules & Regulations;Memory;Setup Company (detailed);2-Step Verification;Import & Export Data;Reports;Integrations & MCP
7532,→ AI Internal Policy Enforcer,26,Separate Dashboard;Security Layer;Call;Chat System;SMS;Voice & Phone Number;Recording & Script;Location & Country;Company Setup;Model & Language;Timing & Scheduling;Pricing & Negotiation;Integrations;Responsibilities & Routing;Tasks & Work Management;Behaviour & Limitations;Performance & Insights;Summary & Notes;Predictive Layers;Rules & Regulations;Memory;Setup Company (detailed);2-Step Verification;Import & Export Data;Reports;Integrations & MCP
7567,→ AI Budget Tracker,26,Separate Dashboard;Security Layer;Call;Chat System;SMS;Voice & Phone Number;Recording & Script;Location & Country;Company Setup;Model & Language;Timing & Scheduling;Pricing & Negotiation;Integrations;Responsibilities & Routing;Tasks & Work Management;Behaviour & Limitations;Performance & Insights;Summary & Notes;Predictive Layers;Rules & Regulations;Memory;Setup Company (detailed);2-Step Verification;Import & Export Data;Reports;Integrations & MCP
7599,→ AI Expense Approver,26,Separate Dashboard;Security Layer;Call;Chat System;SMS;Voice & Phone Number;Recording & Script;Location & Country;Company Setup;Model & Language;Timing & Scheduling;Pricing & Negotiation;Integrations;Responsibilities & Routing;Tasks & Work Management;Behaviour & Limitations;Performance & Insights;Summary & Notes;Predictive Layers;Rules & Regulations;Memory;Setup Company (detailed);2-Step Verification;Import & Export Data;Reports;Integrations & MCP
7631,→ AI Financial Report Compiler,26,Separate Dashboard;Security Layer;Call;Chat System;SMS;Voice & Phone Number;Recording & Script;Location & Country;Company Setup;Model & Language;Timing & Scheduling;Pricing & Negotiation;Integrations;Responsibilities & Routing;Tasks & Work Management;Behaviour & Limitations;Performance & Insights;Summary & Notes;Predictive Layers;Rules & Regulations;Memory;Setup Company (detailed);2-Step Verification;Import & Export Data;Reports;Integrations & MCP
7666,→ AI Journal Entry Reviewer,26,Separate Dashboard;Security Layer;Call;Chat System;SMS;Voice & Phone Number;Recording & Script;Location & Country;Company Setup;Model & Language;Timing & Scheduling;Pricing & Negotiation;Integrations;Responsibilities & Routing;Tasks & Work Management;Behaviour & Limitations;Performance & Insights;Summary & Notes;Predictive Layers;Rules & Regulations;Memory;Setup Company (detailed);2-Step Verification;Import & Export Data;Reports;Integrations & MCP
7698,→ AI Sub-ledger Reconciler,26,Separate Dashboard;Security Layer;Call;Chat System;SMS;Voice & Phone Number;Recording & Script;Location & Country;Company Setup;Model & Language;Timing & Scheduling;Pricing & Negotiation;Integrations;Responsibilities & Routing;Tasks & Work Management;Behaviour & Limitations;Performance & Insights;Summary & Notes;Predictive Layers;Rules & Regulations;Memory;Setup Company (detailed);2-Step Verification;Import & Export Data;Reports;Integrations & MCP
7730,→ AI Month-end Coordinator,26,Separate Dashboard;Security Layer;Call;Chat System;SMS;Voice & Phone Number;Recording & Script;Location & Country;Company Setup;Model & Language;Timing & Scheduling;Pricing & Negotiation;Integrations;Responsibilities & Routing;Tasks & Work Management;Behaviour & Limitations;Performance & Insights;Summary & Notes;Predictive Layers;Rules & Regulations;Memory;Setup Company (detailed);2-Step Verification;Import & Export Data;Reports;Integrations & MCP
7765,→ AI Ratio Calculator,26,Separate Dashboard;Security Layer;Call;Chat System;SMS;Voice & Phone Number;Recording & Script;Location & Country;Company Setup;Model & Language;Timing & Scheduling;Pricing & Negotiation;Integrations;Responsibilities & Routing;Tasks & Work Management;Behaviour & Limitations;Performance & Insights;Summary & Notes;Predictive Layers;Rules & Regulations;Memory;Setup Company (detailed);2-Step Verification;Import & Export Data;Reports;Integrations & MCP
7797,→ AI Trend Projector,26,Separate Dashboard;Security Layer;Call;Chat System;SMS;Voice & Phone Number;Recording & Script;Location & Country;Company Setup;Model & Language;Timing & Scheduling;Pricing & Negotiation;Integrations;Responsibilities & Routing;Tasks & Work Management;Behaviour & Limitations;Performance & Insights;Summary & Notes;Predictive Layers;Rules & Regulations;Memory;Setup Company (detailed);2-Step Verification;Import & Export Data;Reports;Integrations & MCP
7829,→ AI Benchmark Comparator,26,Separate Dashboard;Security Layer;Call;Chat System;SMS;Voice & Phone Number;Recording & Script;Location & Country;Company Setup;Model & Language;Timing & Scheduling;Pricing & Negotiation;Integrations;Responsibilities & Routing;Tasks & Work Management;Behaviour & Limitations;Performance & Insights;Summary & Notes;Predictive Layers;Rules & Regulations;Memory;Setup Company (detailed);2-Step Verification;Import & Export Data;Reports;Integrations & MCP
7864,→ AI Budget Planner,26,Separate Dashboard;Security Layer;Call;Chat System;SMS;Voice & Phone Number;Recording & Script;Location & Country;Company Setup;Model & Language;Timing & Scheduling;Pricing & Negotiation;Integrations;Responsibilities & Routing;Tasks & Work Management;Behaviour & Limitations;Performance & Insights;Summary & Notes;Predictive Layers;Rules & Regulations;Memory;Setup Company (detailed);2-Step Verification;Import & Export Data;Reports;Integrations & MCP
7896,→ AI Variance Reporter,26,Separate Dashboard;Security Layer;Call;Chat System;SMS;Voice & Phone Number;Recording & Script;Location & Country;Company Setup;Model & Language;Timing & Scheduling;Pricing & Negotiation;Integrations;Responsibilities & Routing;Tasks & Work Management;Behaviour & Limitations;Performance & Insights;Summary & Notes;Predictive Layers;Rules & Regulations;Memory;Setup Company (detailed);2-Step Verification;Import & Export Data;Reports;Integrations & MCP
7928,→ AI Forecast Adjuster,26,Separate Dashboard;Security Layer;Call;Chat System;SMS;Voice & Phone Number;Recording & Script;Location & Country;Company Setup;Model & Language;Timing & Scheduling;Pricing & Negotiation;Integrations;Responsibilities & Routing;Tasks & Work Management;Behaviour & Limitations;Performance & Insights;Summary & Notes;Predictive Layers;Rules & Regulations;Memory;Setup Company (detailed);2-Step Verification;Import & Export Data;Reports;Integrations & MCP
7963,→ AI Tax Code Researcher,26,Separate Dashboard;Security Layer;Call;Chat System;SMS;Voice & Phone Number;Recording & Script;Location & Country;Company Setup;Model & Language;Timing & Scheduling;Pricing & Negotiation;Integrations;Responsibilities & Routing;Tasks & Work Management;Behaviour & Limitations;Performance & Insights;Summary & Notes;Predictive Layers;Rules & Regulations;Memory;Setup Company (detailed);2-Step Verification;Import & Export Data;Reports;Integrations & MCP
7995,→ AI Return Preparer,26,Separate Dashboard;Security Layer;Call;Chat System;SMS;Voice & Phone Number;Recording & Script;Location & Country;Company Setup;Model & Language;Timing & Scheduling;Pricing & Negotiation;Integrations;Responsibilities & Routing;Tasks & Work Management;Behaviour & Limitations;Performance & Insights;Summary & Notes;Predictive Layers;Rules & Regulations;Memory;Setup Company (detailed);2-Step Verification;Import & Export Data;Reports;Integrations & MCP
8027,→ AI Deduction Optimizer,26,Separate Dashboard;Security Layer;Call;Chat System;SMS;Voice & Phone Number;Recording & Script;Location & Country;Company Setup;Model & Language;Timing & Scheduling;Pricing & Negotiation;Integrations;Responsibilities & Routing;Tasks & Work Management;Behaviour & Limitations;Performance & Insights;Summary & Notes;Predictive Layers;Rules & Regulations;Memory;Setup Company (detailed);2-Step Verification;Import & Export Data;Reports;Integrations & MCP
8062,→ AI Audit Planner,26,Separate Dashboard;Security Layer;Call;Chat System;SMS;Voice & Phone Number;Recording & Script;Location & Country;Company Setup;Model & Language;Timing & Scheduling;Pricing & Negotiation;Integrations;Responsibilities & Routing;Tasks & Work Management;Behaviour & Limitations;Performance & Insights;Summary & Notes;Predictive Layers;Rules & Regulations;Memory;Setup Company (detailed);2-Step Verification;Import & Export Data;Reports;Integrations & MCP
8094,→ AI Finding Tracker,26,Separate Dashboard;Security Layer;Call;Chat System;SMS;Voice & Phone Number;Recording & Script;Location & Country;Company Setup;Model & Language;Timing & Scheduling;Pricing & Negotiation;Integrations;Responsibilities & Routing;Tasks & Work Management;Behaviour & Limitations;Performance & Insights;Summary & Notes;Predictive Layers;Rules & Regulations;Memory;Setup Company (detailed);2-Step Verification;Import & Export Data;Reports;Integrations & MCP
8126,→ AI Remediation Follow-upper,26,Separate Dashboard;Security Layer;Call;Chat System;SMS;Voice & Phone Number;Recording & Script;Location & Country;Company Setup;Model & Language;Timing & Scheduling;Pricing & Negotiation;Integrations;Responsibilities & Routing;Tasks & Work Management;Behaviour & Limitations;Performance & Insights;Summary & Notes;Predictive Layers;Rules & Regulations;Memory;Setup Company (detailed);2-Step Verification;Import & Export Data;Reports;Integrations & MCP
8161,→ AI Cash Position Monitor,26,Separate Dashboard;Security Layer;Call;Chat System;SMS;Voice & Phone Number;Recording & Script;Location & Country;Company Setup;Model & Language;Timing & Scheduling;Pricing & Negotiation;Integrations;Responsibilities & Routing;Tasks & Work Management;Behaviour & Limitations;Performance & Insights;Summary & Notes;Predictive Layers;Rules & Regulations;Memory;Setup Company (detailed);2-Step Verification;Import & Export Data;Reports;Integrations & MCP
8193,→ AI Investment Yield Tracker,26,Separate Dashboard;Security Layer;Call;Chat System;SMS;Voice & Phone Number;Recording & Script;Location & Country;Company Setup;Model & Language;Timing & Scheduling;Pricing & Negotiation;Integrations;Responsibilities & Routing;Tasks & Work Management;Behaviour & Limitations;Performance & Insights;Summary & Notes;Predictive Layers;Rules & Regulations;Memory;Setup Company (detailed);2-Step Verification;Import & Export Data;Reports;Integrations & MCP
8225,→ AI Debt Schedule Manager,26,Separate Dashboard;Security Layer;Call;Chat System;SMS;Voice & Phone Number;Recording & Script;Location & Country;Company Setup;Model & Language;Timing & Scheduling;Pricing & Negotiation;Integrations;Responsibilities & Routing;Tasks & Work Management;Behaviour & Limitations;Performance & Insights;Summary & Notes;Predictive Layers;Rules & Regulations;Memory;Setup Company (detailed);2-Step Verification;Import & Export Data;Reports;Integrations & MCP
8264,→ AI Tech Strategy Advisor,26,Separate Dashboard;Security Layer;Call;Chat System;SMS;Voice & Phone Number;Recording & Script;Location & Country;Company Setup;Model & Language;Timing & Scheduling;Pricing & Negotiation;Integrations;Responsibilities & Routing;Tasks & Work Management;Behaviour & Limitations;Performance & Insights;Summary & Notes;Predictive Layers;Rules & Regulations;Memory;Setup Company (detailed);2-Step Verification;Import & Export Data;Reports;Integrations & MCP
8296,→ AI Innovation Scout,26,Separate Dashboard;Security Layer;Call;Chat System;SMS;Voice & Phone Number;Recording & Script;Location & Country;Company Setup;Model & Language;Timing & Scheduling;Pricing & Negotiation;Integrations;Responsibilities & Routing;Tasks & Work Management;Behaviour & Limitations;Performance & Insights;Summary & Notes;Predictive Layers;Rules & Regulations;Memory;Setup Company (detailed);2-Step Verification;Import & Export Data;Reports;Integrations & MCP
8328,→ AI Architecture Reviewer,26,Separate Dashboard;Security Layer;Call;Chat System;SMS;Voice & Phone Number;Recording & Script;Location & Country;Company Setup;Model & Language;Timing & Scheduling;Pricing & Negotiation;Integrations;Responsibilities & Routing;Tasks & Work Management;Behaviour & Limitations;Performance & Insights;Summary & Notes;Predictive Layers;Rules & Regulations;Memory;Setup Company (detailed);2-Step Verification;Import & Export Data;Reports;Integrations & MCP
8363,→ AI Sprint Capacity Planner,26,Separate Dashboard;Security Layer;Call;Chat System;SMS;Voice & Phone Number;Recording & Script;Location & Country;Company Setup;Model & Language;Timing & Scheduling;Pricing & Negotiation;Integrations;Responsibilities & Routing;Tasks & Work Management;Behaviour & Limitations;Performance & Insights;Summary & Notes;Predictive Layers;Rules & Regulations;Memory;Setup Company (detailed);2-Step Verification;Import & Export Data;Reports;Integrations & MCP
8395,→ AI Engineering Metrics Tracker,26,Separate Dashboard;Security Layer;Call;Chat System;SMS;Voice & Phone Number;Recording & Script;Location & Country;Company Setup;Model & Language;Timing & Scheduling;Pricing & Negotiation;Integrations;Responsibilities & Routing;Tasks & Work Management;Behaviour & Limitations;Performance & Insights;Summary & Notes;Predictive Layers;Rules & Regulations;Memory;Setup Company (detailed);2-Step Verification;Import & Export Data;Reports;Integrations & MCP
8427,→ AI Tech Debt Prioritizer,26,Separate Dashboard;Security Layer;Call;Chat System;SMS;Voice & Phone Number;Recording & Script;Location & Country;Company Setup;Model & Language;Timing & Scheduling;Pricing & Negotiation;Integrations;Responsibilities & Routing;Tasks & Work Management;Behaviour & Limitations;Performance & Insights;Summary & Notes;Predictive Layers;Rules & Regulations;Memory;Setup Company (detailed);2-Step Verification;Import & Export Data;Reports;Integrations & MCP
8462,→ AI Cloud Cost Optimizer,26,Separate Dashboard;Security Layer;Call;Chat System;SMS;Voice & Phone Number;Recording & Script;Location & Country;Company Setup;Model & Language;Timing & Scheduling;Pricing & Negotiation;Integrations;Responsibilities & Routing;Tasks & Work Management;Behaviour & Limitations;Performance & Insights;Summary & Notes;Predictive Layers;Rules & Regulations;Memory;Setup Company (detailed);2-Step Verification;Import & Export Data;Reports;Integrations & MCP
8494,→ AI Uptime Monitor,26,Separate Dashboard;Security Layer;Call;Chat System;SMS;Voice & Phone Number;Recording & Script;Location & Country;Company Setup;Model & Language;Timing & Scheduling;Pricing & Negotiation;Integrations;Responsibilities & Routing;Tasks & Work Management;Behaviour & Limitations;Performance & Insights;Summary & Notes;Predictive Layers;Rules & Regulations;Memory;Setup Company (detailed);2-Step Verification;Import & Export Data;Reports;Integrations & MCP
8526,→ AI Scalability Planner,26,Separate Dashboard;Security Layer;Call;Chat System;SMS;Voice & Phone Number;Recording & Script;Location & Country;Company Setup;Model & Language;Timing & Scheduling;Pricing & Negotiation;Integrations;Responsibilities & Routing;Tasks & Work Management;Behaviour & Limitations;Performance & Insights;Summary & Notes;Predictive Layers;Rules & Regulations;Memory;Setup Company (detailed);2-Step Verification;Import & Export Data;Reports;Integrations & MCP
8561,→ AI Model Performance Monitor,26,Separate Dashboard;Security Layer;Call;Chat System;SMS;Voice & Phone Number;Recording & Script;Location & Country;Company Setup;Model & Language;Timing & Scheduling;Pricing & Negotiation;Integrations;Responsibilities & Routing;Tasks & Work Management;Behaviour & Limitations;Performance & Insights;Summary & Notes;Predictive Layers;Rules & Regulations;Memory;Setup Company (detailed);2-Step Verification;Import & Export Data;Reports;Integrations & MCP
8593,→ AI Training Data Curator,26,Separate Dashboard;Security Layer;Call;Chat System;SMS;Voice & Phone Number;Recording & Script;Location & Country;Company Setup;Model & Language;Timing & Scheduling;Pricing & Negotiation;Integrations;Responsibilities & Routing;Tasks & Work Management;Behaviour & Limitations;Performance & Insights;Summary & Notes;Predictive Layers;Rules & Regulations;Memory;Setup Company (detailed);2-Step Verification;Import & Export Data;Reports;Integrations & MCP
8625,→ AI Ethics Reviewer,26,Separate Dashboard;Security Layer;Call;Chat System;SMS;Voice & Phone Number;Recording & Script;Location & Country;Company Setup;Model & Language;Timing & Scheduling;Pricing & Negotiation;Integrations;Responsibilities & Routing;Tasks & Work Management;Behaviour & Limitations;Performance & Insights;Summary & Notes;Predictive Layers;Rules & Regulations;Memory;Setup Company (detailed);2-Step Verification;Import & Export Data;Reports;Integrations & MCP
8660,→ AI Security Tool Evaluator,26,Separate Dashboard;Security Layer;Call;Chat System;SMS;Voice & Phone Number;Recording & Script;Location & Country;Company Setup;Model & Language;Timing & Scheduling;Pricing & Negotiation;Integrations;Responsibilities & Routing;Tasks & Work Management;Behaviour & Limitations;Performance & Insights;Summary & Notes;Predictive Layers;Rules & Regulations;Memory;Setup Company (detailed);2-Step Verification;Import & Export Data;Reports;Integrations & MCP
8692,→ AI Threat Intelligence Aggregator,26,Separate Dashboard;Security Layer;Call;Chat System;SMS;Voice & Phone Number;Recording & Script;Location & Country;Company Setup;Model & Language;Timing & Scheduling;Pricing & Negotiation;Integrations;Responsibilities & Routing;Tasks & Work Management;Behaviour & Limitations;Performance & Insights;Summary & Notes;Predictive Layers;Rules & Regulations;Memory;Setup Company (detailed);2-Step Verification;Import & Export Data;Reports;Integrations & MCP
8724,→ AI Vulnerability Scanner,26,Separate Dashboard;Security Layer;Call;Chat System;SMS;Voice & Phone Number;Recording & Script;Location & Country;Company Setup;Model & Language;Timing & Scheduling;Pricing & Negotiation;Integrations;Responsibilities & Routing;Tasks & Work Management;Behaviour & Limitations;Performance & Insights;Summary & Notes;Predictive Layers;Rules & Regulations;Memory;Setup Company (detailed);2-Step Verification;Import & Export Data;Reports;Integrations & MCP
8759,→ AI Design Pattern Advisor,26,Separate Dashboard;Security Layer;Call;Chat System;SMS;Voice & Phone Number;Recording & Script;Location & Country;Company Setup;Model & Language;Timing & Scheduling;Pricing & Negotiation;Integrations;Responsibilities & Routing;Tasks & Work Management;Behaviour & Limitations;Performance & Insights;Summary & Notes;Predictive Layers;Rules & Regulations;Memory;Setup Company (detailed);2-Step Verification;Import & Export Data;Reports;Integrations & MCP
8791,→ AI Integration Planner,26,Separate Dashboard;Security Layer;Call;Chat System;SMS;Voice & Phone Number;Recording & Script;Location & Country;Company Setup;Model & Language;Timing & Scheduling;Pricing & Negotiation;Integrations;Responsibilities & Routing;Tasks & Work Management;Behaviour & Limitations;Performance & Insights;Summary & Notes;Predictive Layers;Rules & Regulations;Memory;Setup Company (detailed);2-Step Verification;Import & Export Data;Reports;Integrations & MCP
8823,→ AI Tech Standard Enforcer,26,Separate Dashboard;Security Layer;Call;Chat System;SMS;Voice & Phone Number;Recording & Script;Location & Country;Company Setup;Model & Language;Timing & Scheduling;Pricing & Negotiation;Integrations;Responsibilities & Routing;Tasks & Work Management;Behaviour & Limitations;Performance & Insights;Summary & Notes;Predictive Layers;Rules & Regulations;Memory;Setup Company (detailed);2-Step Verification;Import & Export Data;Reports;Integrations & MCP
8858,→ AI CI/CD Pipeline Optimizer,26,Separate Dashboard;Security Layer;Call;Chat System;SMS;Voice & Phone Number;Recording & Script;Location & Country;Company Setup;Model & Language;Timing & Scheduling;Pricing & Negotiation;Integrations;Responsibilities & Routing;Tasks & Work Management;Behaviour & Limitations;Performance & Insights;Summary & Notes;Predictive Layers;Rules & Regulations;Memory;Setup Company (detailed);2-Step Verification;Import & Export Data;Reports;Integrations & MCP
8890,→ AI Deployment Coordinator,26,Separate Dashboard;Security Layer;Call;Chat System;SMS;Voice & Phone Number;Recording & Script;Location & Country;Company Setup;Model & Language;Timing & Scheduling;Pricing & Negotiation;Integrations;Responsibilities & Routing;Tasks & Work Management;Behaviour & Limitations;Performance & Insights;Summary & Notes;Predictive Layers;Rules & Regulations;Memory;Setup Company (detailed);2-Step Verification;Import & Export Data;Reports;Integrations & MCP
8922,→ AI Incident Commander,26,Separate Dashboard;Security Layer;Call;Chat System;SMS;Voice & Phone Number;Recording & Script;Location & Country;Company Setup;Model & Language;Timing & Scheduling;Pricing & Negotiation;Integrations;Responsibilities & Routing;Tasks & Work Management;Behaviour & Limitations;Performance & Insights;Summary & Notes;Predictive Layers;Rules & Regulations;Memory;Setup Company (detailed);2-Step Verification;Import & Export Data;Reports;Integrations & MCP
8957,→ AI UI Component Librarian,26,Separate Dashboard;Security Layer;Call;Chat System;SMS;Voice & Phone Number;Recording & Script;Location & Country;Company Setup;Model & Language;Timing & Scheduling;Pricing & Negotiation;Integrations;Responsibilities & Routing;Tasks & Work Management;Behaviour & Limitations;Performance & Insights;Summary & Notes;Predictive Layers;Rules & Regulations;Memory;Setup Company (detailed);2-Step Verification;Import & Export Data;Reports;Integrations & MCP
8989,→ AI Performance Profiler,26,Separate Dashboard;Security Layer;Call;Chat System;SMS;Voice & Phone Number;Recording & Script;Location & Country;Company Setup;Model & Language;Timing & Scheduling;Pricing & Negotiation;Integrations;Responsibilities & Routing;Tasks & Work Management;Behaviour & Limitations;Performance & Insights;Summary & Notes;Predictive Layers;Rules & Regulations;Memory;Setup Company (detailed);2-Step Verification;Import & Export Data;Reports;Integrations & MCP
9021,→ AI Accessibility Auditor,26,Separate Dashboard;Security Layer;Call;Chat System;SMS;Voice & Phone Number;Recording & Script;Location & Country;Company Setup;Model & Language;Timing & Scheduling;Pricing & Negotiation;Integrations;Responsibilities & Routing;Tasks & Work Management;Behaviour & Limitations;Performance & Insights;Summary & Notes;Predictive Layers;Rules & Regulations;Memory;Setup Company (detailed);2-Step Verification;Import & Export Data;Reports;Integrations & MCP
9056,→ AI API Design Reviewer,26,Separate Dashboard;Security Layer;Call;Chat System;SMS;Voice & Phone Number;Recording & Script;Location & Country;Company Setup;Model & Language;Timing & Scheduling;Pricing & Negotiation;Integrations;Responsibilities & Routing;Tasks & Work Management;Behaviour & Limitations;Performance & Insights;Summary & Notes;Predictive Layers;Rules & Regulations;Memory;Setup Company (detailed);2-Step Verification;Import & Export Data;Reports;Integrations & MCP
9088,→ AI Database Query Optimizer,26,Separate Dashboard;Security Layer;Call;Chat System;SMS;Voice & Phone Number;Recording & Script;Location & Country;Company Setup;Model & Language;Timing & Scheduling;Pricing & Negotiation;Integrations;Responsibilities & Routing;Tasks & Work Management;Behaviour & Limitations;Performance & Insights;Summary & Notes;Predictive Layers;Rules & Regulations;Memory;Setup Company (detailed);2-Step Verification;Import & Export Data;Reports;Integrations & MCP
9120,→ AI Service Mesh Coordinator,26,Separate Dashboard;Security Layer;Call;Chat System;SMS;Voice & Phone Number;Recording & Script;Location & Country;Company Setup;Model & Language;Timing & Scheduling;Pricing & Negotiation;Integrations;Responsibilities & Routing;Tasks & Work Management;Behaviour & Limitations;Performance & Insights;Summary & Notes;Predictive Layers;Rules & Regulations;Memory;Setup Company (detailed);2-Step Verification;Import & Export Data;Reports;Integrations & MCP
9155,→ AI SLA Calculator,26,Separate Dashboard;Security Layer;Call;Chat System;SMS;Voice & Phone Number;Recording & Script;Location & Country;Company Setup;Model & Language;Timing & Scheduling;Pricing & Negotiation;Integrations;Responsibilities & Routing;Tasks & Work Management;Behaviour & Limitations;Performance & Insights;Summary & Notes;Predictive Layers;Rules & Regulations;Memory;Setup Company (detailed);2-Step Verification;Import & Export Data;Reports;Integrations & MCP
9187,→ AI Incident Post-mortem Facilitator,26,Separate Dashboard;Security Layer;Call;Chat System;SMS;Voice & Phone Number;Recording & Script;Location & Country;Company Setup;Model & Language;Timing & Scheduling;Pricing & Negotiation;Integrations;Responsibilities & Routing;Tasks & Work Management;Behaviour & Limitations;Performance & Insights;Summary & Notes;Predictive Layers;Rules & Regulations;Memory;Setup Company (detailed);2-Step Verification;Import & Export Data;Reports;Integrations & MCP
9219,→ AI Chaos Engineering Planner,26,Separate Dashboard;Security Layer;Call;Chat System;SMS;Voice & Phone Number;Recording & Script;Location & Country;Company Setup;Model & Language;Timing & Scheduling;Pricing & Negotiation;Integrations;Responsibilities & Routing;Tasks & Work Management;Behaviour & Limitations;Performance & Insights;Summary & Notes;Predictive Layers;Rules & Regulations;Memory;Setup Company (detailed);2-Step Verification;Import & Export Data;Reports;Integrations & MCP
9254,→ AI Component Builder,26,Separate Dashboard;Security Layer;Call;Chat System;SMS;Voice & Phone Number;Recording & Script;Location & Country;Company Setup;Model & Language;Timing & Scheduling;Pricing & Negotiation;Integrations;Responsibilities & Routing;Tasks & Work Management;Behaviour & Limitations;Performance & Insights;Summary & Notes;Predictive Layers;Rules & Regulations;Memory;Setup Company (detailed);2-Step Verification;Import & Export Data;Reports;Integrations & MCP
9286,→ AI Style Enforcer,26,Separate Dashboard;Security Layer;Call;Chat System;SMS;Voice & Phone Number;Recording & Script;Location & Country;Company Setup;Model & Language;Timing & Scheduling;Pricing & Negotiation;Integrations;Responsibilities & Routing;Tasks & Work Management;Behaviour & Limitations;Performance & Insights;Summary & Notes;Predictive Layers;Rules & Regulations;Memory;Setup Company (detailed);2-Step Verification;Import & Export Data;Reports;Integrations & MCP
9318,→ AI Cross-browser Tester,26,Separate Dashboard;Security Layer;Call;Chat System;SMS;Voice & Phone Number;Recording & Script;Location & Country;Company Setup;Model & Language;Timing & Scheduling;Pricing & Negotiation;Integrations;Responsibilities & Routing;Tasks & Work Management;Behaviour & Limitations;Performance & Insights;Summary & Notes;Predictive Layers;Rules & Regulations;Memory;Setup Company (detailed);2-Step Verification;Import & Export Data;Reports;Integrations & MCP
9353,→ AI API Endpoint Developer,26,Separate Dashboard;Security Layer;Call;Chat System;SMS;Voice & Phone Number;Recording & Script;Location & Country;Company Setup;Model & Language;Timing & Scheduling;Pricing & Negotiation;Integrations;Responsibilities & Routing;Tasks & Work Management;Behaviour & Limitations;Performance & Insights;Summary & Notes;Predictive Layers;Rules & Regulations;Memory;Setup Company (detailed);2-Step Verification;Import & Export Data;Reports;Integrations & MCP
9385,→ AI Data Validator,26,Separate Dashboard;Security Layer;Call;Chat System;SMS;Voice & Phone Number;Recording & Script;Location & Country;Company Setup;Model & Language;Timing & Scheduling;Pricing & Negotiation;Integrations;Responsibilities & Routing;Tasks & Work Management;Behaviour & Limitations;Performance & Insights;Summary & Notes;Predictive Layers;Rules & Regulations;Memory;Setup Company (detailed);2-Step Verification;Import & Export Data;Reports;Integrations & MCP
9417,→ AI Service Integrator,26,Separate Dashboard;Security Layer;Call;Chat System;SMS;Voice & Phone Number;Recording & Script;Location & Country;Company Setup;Model & Language;Timing & Scheduling;Pricing & Negotiation;Integrations;Responsibilities & Routing;Tasks & Work Management;Behaviour & Limitations;Performance & Insights;Summary & Notes;Predictive Layers;Rules & Regulations;Memory;Setup Company (detailed);2-Step Verification;Import & Export Data;Reports;Integrations & MCP
9452,→ AI Alert Tuner,26,Separate Dashboard;Security Layer;Call;Chat System;SMS;Voice & Phone Number;Recording & Script;Location & Country;Company Setup;Model & Language;Timing & Scheduling;Pricing & Negotiation;Integrations;Responsibilities & Routing;Tasks & Work Management;Behaviour & Limitations;Performance & Insights;Summary & Notes;Predictive Layers;Rules & Regulations;Memory;Setup Company (detailed);2-Step Verification;Import & Export Data;Reports;Integrations & MCP
9484,→ AI Runbook Author,26,Separate Dashboard;Security Layer;Call;Chat System;SMS;Voice & Phone Number;Recording & Script;Location & Country;Company Setup;Model & Language;Timing & Scheduling;Pricing & Negotiation;Integrations;Responsibilities & Routing;Tasks & Work Management;Behaviour & Limitations;Performance & Insights;Summary & Notes;Predictive Layers;Rules & Regulations;Memory;Setup Company (detailed);2-Step Verification;Import & Export Data;Reports;Integrations & MCP
9516,→ AI Capacity Monitor,26,Separate Dashboard;Security Layer;Call;Chat System;SMS;Voice & Phone Number;Recording & Script;Location & Country;Company Setup;Model & Language;Timing & Scheduling;Pricing & Negotiation;Integrations;Responsibilities & Routing;Tasks & Work Management;Behaviour & Limitations;Performance & Insights;Summary & Notes;Predictive Layers;Rules & Regulations;Memory;Setup Company (detailed);2-Step Verification;Import & Export Data;Reports;Integrations & MCP
9551,→ AI Test Framework Maintainer,26,Separate Dashboard;Security Layer;Call;Chat System;SMS;Voice & Phone Number;Recording & Script;Location & Country;Company Setup;Model & Language;Timing & Scheduling;Pricing & Negotiation;Integrations;Responsibilities & Routing;Tasks & Work Management;Behaviour & Limitations;Performance & Insights;Summary & Notes;Predictive Layers;Rules & Regulations;Memory;Setup Company (detailed);2-Step Verification;Import & Export Data;Reports;Integrations & MCP
9583,→ AI E2E Test Writer,26,Separate Dashboard;Security Layer;Call;Chat System;SMS;Voice & Phone Number;Recording & Script;Location & Country;Company Setup;Model & Language;Timing & Scheduling;Pricing & Negotiation;Integrations;Responsibilities & Routing;Tasks & Work Management;Behaviour & Limitations;Performance & Insights;Summary & Notes;Predictive Layers;Rules & Regulations;Memory;Setup Company (detailed);2-Step Verification;Import & Export Data;Reports;Integrations & MCP
9615,→ AI Flaky Test Detector,26,Separate Dashboard;Security Layer;Call;Chat System;SMS;Voice & Phone Number;Recording & Script;Location & Country;Company Setup;Model & Language;Timing & Scheduling;Pricing & Negotiation;Integrations;Responsibilities & Routing;Tasks & Work Management;Behaviour & Limitations;Performance & Insights;Summary & Notes;Predictive Layers;Rules & Regulations;Memory;Setup Company (detailed);2-Step Verification;Import & Export Data;Reports;Integrations & MCP
9650,→ AI Pipeline Builder,26,Separate Dashboard;Security Layer;Call;Chat System;SMS;Voice & Phone Number;Recording & Script;Location & Country;Company Setup;Model & Language;Timing & Scheduling;Pricing & Negotiation;Integrations;Responsibilities & Routing;Tasks & Work Management;Behaviour & Limitations;Performance & Insights;Summary & Notes;Predictive Layers;Rules & Regulations;Memory;Setup Company (detailed);2-Step Verification;Import & Export Data;Reports;Integrations & MCP
9682,→ AI Data Quality Checker,26,Separate Dashboard;Security Layer;Call;Chat System;SMS;Voice & Phone Number;Recording & Script;Location & Country;Company Setup;Model & Language;Timing & Scheduling;Pricing & Negotiation;Integrations;Responsibilities & Routing;Tasks & Work Management;Behaviour & Limitations;Performance & Insights;Summary & Notes;Predictive Layers;Rules & Regulations;Memory;Setup Company (detailed);2-Step Verification;Import & Export Data;Reports;Integrations & MCP
9714,→ AI Schema Migration Planner,26,Separate Dashboard;Security Layer;Call;Chat System;SMS;Voice & Phone Number;Recording & Script;Location & Country;Company Setup;Model & Language;Timing & Scheduling;Pricing & Negotiation;Integrations;Responsibilities & Routing;Tasks & Work Management;Behaviour & Limitations;Performance & Insights;Summary & Notes;Predictive Layers;Rules & Regulations;Memory;Setup Company (detailed);2-Step Verification;Import & Export Data;Reports;Integrations & MCP
9749,→ AI Security Patch Tracker,26,Separate Dashboard;Security Layer;Call;Chat System;SMS;Voice & Phone Number;Recording & Script;Location & Country;Company Setup;Model & Language;Timing & Scheduling;Pricing & Negotiation;Integrations;Responsibilities & Routing;Tasks & Work Management;Behaviour & Limitations;Performance & Insights;Summary & Notes;Predictive Layers;Rules & Regulations;Memory;Setup Company (detailed);2-Step Verification;Import & Export Data;Reports;Integrations & MCP
9781,→ AI Pen-test Script Writer,26,Separate Dashboard;Security Layer;Call;Chat System;SMS;Voice & Phone Number;Recording & Script;Location & Country;Company Setup;Model & Language;Timing & Scheduling;Pricing & Negotiation;Integrations;Responsibilities & Routing;Tasks & Work Management;Behaviour & Limitations;Performance & Insights;Summary & Notes;Predictive Layers;Rules & Regulations;Memory;Setup Company (detailed);2-Step Verification;Import & Export Data;Reports;Integrations & MCP
9813,→ AI Access Policy Implementer,26,Separate Dashboard;Security Layer;Call;Chat System;SMS;Voice & Phone Number;Recording & Script;Location & Country;Company Setup;Model & Language;Timing & Scheduling;Pricing & Negotiation;Integrations;Responsibilities & Routing;Tasks & Work Management;Behaviour & Limitations;Performance & Insights;Summary & Notes;Predictive Layers;Rules & Regulations;Memory;Setup Company (detailed);2-Step Verification;Import & Export Data;Reports;Integrations & MCP
9852,→ AI HR Strategy Advisor,26,Separate Dashboard;Security Layer;Call;Chat System;SMS;Voice & Phone Number;Recording & Script;Location & Country;Company Setup;Model & Language;Timing & Scheduling;Pricing & Negotiation;Integrations;Responsibilities & Routing;Tasks & Work Management;Behaviour & Limitations;Performance & Insights;Summary & Notes;Predictive Layers;Rules & Regulations;Memory;Setup Company (detailed);2-Step Verification;Import & Export Data;Reports;Integrations & MCP
9884,→ AI Workforce Planner,26,Separate Dashboard;Security Layer;Call;Chat System;SMS;Voice & Phone Number;Recording & Script;Location & Country;Company Setup;Model & Language;Timing & Scheduling;Pricing & Negotiation;Integrations;Responsibilities & Routing;Tasks & Work Management;Behaviour & Limitations;Performance & Insights;Summary & Notes;Predictive Layers;Rules & Regulations;Memory;Setup Company (detailed);2-Step Verification;Import & Export Data;Reports;Integrations & MCP
9916,→ AI Culture Health Monitor,26,Separate Dashboard;Security Layer;Call;Chat System;SMS;Voice & Phone Number;Recording & Script;Location & Country;Company Setup;Model & Language;Timing & Scheduling;Pricing & Negotiation;Integrations;Responsibilities & Routing;Tasks & Work Management;Behaviour & Limitations;Performance & Insights;Summary & Notes;Predictive Layers;Rules & Regulations;Memory;Setup Company (detailed);2-Step Verification;Import & Export Data;Reports;Integrations & MCP
9951,→ AI Talent Pipeline Analyst,26,Separate Dashboard;Security Layer;Call;Chat System;SMS;Voice & Phone Number;Recording & Script;Location & Country;Company Setup;Model & Language;Timing & Scheduling;Pricing & Negotiation;Integrations;Responsibilities & Routing;Tasks & Work Management;Behaviour & Limitations;Performance & Insights;Summary & Notes;Predictive Layers;Rules & Regulations;Memory;Setup Company (detailed);2-Step Verification;Import & Export Data;Reports;Integrations & MCP
9983,→ AI Employer Brand Strategist,26,Separate Dashboard;Security Layer;Call;Chat System;SMS;Voice & Phone Number;Recording & Script;Location & Country;Company Setup;Model & Language;Timing & Scheduling;Pricing & Negotiation;Integrations;Responsibilities & Routing;Tasks & Work Management;Behaviour & Limitations;Performance & Insights;Summary & Notes;Predictive Layers;Rules & Regulations;Memory;Setup Company (detailed);2-Step Verification;Import & Export Data;Reports;Integrations & MCP
10015,→ AI Hiring Forecast Planner,26,Separate Dashboard;Security Layer;Call;Chat System;SMS;Voice & Phone Number;Recording & Script;Location & Country;Company Setup;Model & Language;Timing & Scheduling;Pricing & Negotiation;Integrations;Responsibilities & Routing;Tasks & Work Management;Behaviour & Limitations;Performance & Insights;Summary & Notes;Predictive Layers;Rules & Regulations;Memory;Setup Company (detailed);2-Step Verification;Import & Export Data;Reports;Integrations & MCP
10050,→ AI HR Process Automator,26,Separate Dashboard;Security Layer;Call;Chat System;SMS;Voice & Phone Number;Recording & Script;Location & Country;Company Setup;Model & Language;Timing & Scheduling;Pricing & Negotiation;Integrations;Responsibilities & Routing;Tasks & Work Management;Behaviour & Limitations;Performance & Insights;Summary & Notes;Predictive Layers;Rules & Regulations;Memory;Setup Company (detailed);2-Step Verification;Import & Export Data;Reports;Integrations & MCP
10082,→ AI HR Compliance Tracker,26,Separate Dashboard;Security Layer;Call;Chat System;SMS;Voice & Phone Number;Recording & Script;Location & Country;Company Setup;Model & Language;Timing & Scheduling;Pricing & Negotiation;Integrations;Responsibilities & Routing;Tasks & Work Management;Behaviour & Limitations;Performance & Insights;Summary & Notes;Predictive Layers;Rules & Regulations;Memory;Setup Company (detailed);2-Step Verification;Import & Export Data;Reports;Integrations & MCP
10114,→ AI Employee Data Manager,26,Separate Dashboard;Security Layer;Call;Chat System;SMS;Voice & Phone Number;Recording & Script;Location & Country;Company Setup;Model & Language;Timing & Scheduling;Pricing & Negotiation;Integrations;Responsibilities & Routing;Tasks & Work Management;Behaviour & Limitations;Performance & Insights;Summary & Notes;Predictive Layers;Rules & Regulations;Memory;Setup Company (detailed);2-Step Verification;Import & Export Data;Reports;Integrations & MCP
10149,→ AI L&D Curriculum Designer,26,Separate Dashboard;Security Layer;Call;Chat System;SMS;Voice & Phone Number;Recording & Script;Location & Country;Company Setup;Model & Language;Timing & Scheduling;Pricing & Negotiation;Integrations;Responsibilities & Routing;Tasks & Work Management;Behaviour & Limitations;Performance & Insights;Summary & Notes;Predictive Layers;Rules & Regulations;Memory;Setup Company (detailed);2-Step Verification;Import & Export Data;Reports;Integrations & MCP
10181,→ AI Skill Gap Analyzer,26,Separate Dashboard;Security Layer;Call;Chat System;SMS;Voice & Phone Number;Recording & Script;Location & Country;Company Setup;Model & Language;Timing & Scheduling;Pricing & Negotiation;Integrations;Responsibilities & Routing;Tasks & Work Management;Behaviour & Limitations;Performance & Insights;Summary & Notes;Predictive Layers;Rules & Regulations;Memory;Setup Company (detailed);2-Step Verification;Import & Export Data;Reports;Integrations & MCP
10213,→ AI Training Effectiveness Evaluator,26,Separate Dashboard;Security Layer;Call;Chat System;SMS;Voice & Phone Number;Recording & Script;Location & Country;Company Setup;Model & Language;Timing & Scheduling;Pricing & Negotiation;Integrations;Responsibilities & Routing;Tasks & Work Management;Behaviour & Limitations;Performance & Insights;Summary & Notes;Predictive Layers;Rules & Regulations;Memory;Setup Company (detailed);2-Step Verification;Import & Export Data;Reports;Integrations & MCP
10248,→ AI Culture Survey Analyst,26,Separate Dashboard;Security Layer;Call;Chat System;SMS;Voice & Phone Number;Recording & Script;Location & Country;Company Setup;Model & Language;Timing & Scheduling;Pricing & Negotiation;Integrations;Responsibilities & Routing;Tasks & Work Management;Behaviour & Limitations;Performance & Insights;Summary & Notes;Predictive Layers;Rules & Regulations;Memory;Setup Company (detailed);2-Step Verification;Import & Export Data;Reports;Integrations & MCP
10280,→ AI Engagement Booster,26,Separate Dashboard;Security Layer;Call;Chat System;SMS;Voice & Phone Number;Recording & Script;Location & Country;Company Setup;Model & Language;Timing & Scheduling;Pricing & Negotiation;Integrations;Responsibilities & Routing;Tasks & Work Management;Behaviour & Limitations;Performance & Insights;Summary & Notes;Predictive Layers;Rules & Regulations;Memory;Setup Company (detailed);2-Step Verification;Import & Export Data;Reports;Integrations & MCP
10312,→ AI Values Alignment Checker,26,Separate Dashboard;Security Layer;Call;Chat System;SMS;Voice & Phone Number;Recording & Script;Location & Country;Company Setup;Model & Language;Timing & Scheduling;Pricing & Negotiation;Integrations;Responsibilities & Routing;Tasks & Work Management;Behaviour & Limitations;Performance & Insights;Summary & Notes;Predictive Layers;Rules & Regulations;Memory;Setup Company (detailed);2-Step Verification;Import & Export Data;Reports;Integrations & MCP
10347,→ AI Market Compensation Researcher,26,Separate Dashboard;Security Layer;Call;Chat System;SMS;Voice & Phone Number;Recording & Script;Location & Country;Company Setup;Model & Language;Timing & Scheduling;Pricing & Negotiation;Integrations;Responsibilities & Routing;Tasks & Work Management;Behaviour & Limitations;Performance & Insights;Summary & Notes;Predictive Layers;Rules & Regulations;Memory;Setup Company (detailed);2-Step Verification;Import & Export Data;Reports;Integrations & MCP
10379,→ AI Pay Equity Auditor,26,Separate Dashboard;Security Layer;Call;Chat System;SMS;Voice & Phone Number;Recording & Script;Location & Country;Company Setup;Model & Language;Timing & Scheduling;Pricing & Negotiation;Integrations;Responsibilities & Routing;Tasks & Work Management;Behaviour & Limitations;Performance & Insights;Summary & Notes;Predictive Layers;Rules & Regulations;Memory;Setup Company (detailed);2-Step Verification;Import & Export Data;Reports;Integrations & MCP
10411,→ AI Incentive Plan Designer,26,Separate Dashboard;Security Layer;Call;Chat System;SMS;Voice & Phone Number;Recording & Script;Location & Country;Company Setup;Model & Language;Timing & Scheduling;Pricing & Negotiation;Integrations;Responsibilities & Routing;Tasks & Work Management;Behaviour & Limitations;Performance & Insights;Summary & Notes;Predictive Layers;Rules & Regulations;Memory;Setup Company (detailed);2-Step Verification;Import & Export Data;Reports;Integrations & MCP
10446,→ AI Requisition Prioritizer,26,Separate Dashboard;Security Layer;Call;Chat System;SMS;Voice & Phone Number;Recording & Script;Location & Country;Company Setup;Model & Language;Timing & Scheduling;Pricing & Negotiation;Integrations;Responsibilities & Routing;Tasks & Work Management;Behaviour & Limitations;Performance & Insights;Summary & Notes;Predictive Layers;Rules & Regulations;Memory;Setup Company (detailed);2-Step Verification;Import & Export Data;Reports;Integrations & MCP
10478,→ AI Recruiter Performance Tracker,26,Separate Dashboard;Security Layer;Call;Chat System;SMS;Voice & Phone Number;Recording & Script;Location & Country;Company Setup;Model & Language;Timing & Scheduling;Pricing & Negotiation;Integrations;Responsibilities & Routing;Tasks & Work Management;Behaviour & Limitations;Performance & Insights;Summary & Notes;Predictive Layers;Rules & Regulations;Memory;Setup Company (detailed);2-Step Verification;Import & Export Data;Reports;Integrations & MCP
10510,→ AI Hiring Budget Manager,26,Separate Dashboard;Security Layer;Call;Chat System;SMS;Voice & Phone Number;Recording & Script;Location & Country;Company Setup;Model & Language;Timing & Scheduling;Pricing & Negotiation;Integrations;Responsibilities & Routing;Tasks & Work Management;Behaviour & Limitations;Performance & Insights;Summary & Notes;Predictive Layers;Rules & Regulations;Memory;Setup Company (detailed);2-Step Verification;Import & Export Data;Reports;Integrations & MCP
10545,→ AI Candidate Sourcer,26,Separate Dashboard;Security Layer;Call;Chat System;SMS;Voice & Phone Number;Recording & Script;Location & Country;Company Setup;Model & Language;Timing & Scheduling;Pricing & Negotiation;Integrations;Responsibilities & Routing;Tasks & Work Management;Behaviour & Limitations;Performance & Insights;Summary & Notes;Predictive Layers;Rules & Regulations;Memory;Setup Company (detailed);2-Step Verification;Import & Export Data;Reports;Integrations & MCP
10577,→ AI Interview Scheduler,26,Separate Dashboard;Security Layer;Call;Chat System;SMS;Voice & Phone Number;Recording & Script;Location & Country;Company Setup;Model & Language;Timing & Scheduling;Pricing & Negotiation;Integrations;Responsibilities & Routing;Tasks & Work Management;Behaviour & Limitations;Performance & Insights;Summary & Notes;Predictive Layers;Rules & Regulations;Memory;Setup Company (detailed);2-Step Verification;Import & Export Data;Reports;Integrations & MCP
10609,→ AI Reference Checker,26,Separate Dashboard;Security Layer;Call;Chat System;SMS;Voice & Phone Number;Recording & Script;Location & Country;Company Setup;Model & Language;Timing & Scheduling;Pricing & Negotiation;Integrations;Responsibilities & Routing;Tasks & Work Management;Behaviour & Limitations;Performance & Insights;Summary & Notes;Predictive Layers;Rules & Regulations;Memory;Setup Company (detailed);2-Step Verification;Import & Export Data;Reports;Integrations & MCP
10644,→ AI Benefits Administrator,26,Separate Dashboard;Security Layer;Call;Chat System;SMS;Voice & Phone Number;Recording & Script;Location & Country;Company Setup;Model & Language;Timing & Scheduling;Pricing & Negotiation;Integrations;Responsibilities & Routing;Tasks & Work Management;Behaviour & Limitations;Performance & Insights;Summary & Notes;Predictive Layers;Rules & Regulations;Memory;Setup Company (detailed);2-Step Verification;Import & Export Data;Reports;Integrations & MCP
10676,→ AI Policy Update Communicator,26,Separate Dashboard;Security Layer;Call;Chat System;SMS;Voice & Phone Number;Recording & Script;Location & Country;Company Setup;Model & Language;Timing & Scheduling;Pricing & Negotiation;Integrations;Responsibilities & Routing;Tasks & Work Management;Behaviour & Limitations;Performance & Insights;Summary & Notes;Predictive Layers;Rules & Regulations;Memory;Setup Company (detailed);2-Step Verification;Import & Export Data;Reports;Integrations & MCP
10708,→ AI HR Ticket Resolver,26,Separate Dashboard;Security Layer;Call;Chat System;SMS;Voice & Phone Number;Recording & Script;Location & Country;Company Setup;Model & Language;Timing & Scheduling;Pricing & Negotiation;Integrations;Responsibilities & Routing;Tasks & Work Management;Behaviour & Limitations;Performance & Insights;Summary & Notes;Predictive Layers;Rules & Regulations;Memory;Setup Company (detailed);2-Step Verification;Import & Export Data;Reports;Integrations & MCP
10743,→ AI Course Catalog Curator,26,Separate Dashboard;Security Layer;Call;Chat System;SMS;Voice & Phone Number;Recording & Script;Location & Country;Company Setup;Model & Language;Timing & Scheduling;Pricing & Negotiation;Integrations;Responsibilities & Routing;Tasks & Work Management;Behaviour & Limitations;Performance & Insights;Summary & Notes;Predictive Layers;Rules & Regulations;Memory;Setup Company (detailed);2-Step Verification;Import & Export Data;Reports;Integrations & MCP
10775,→ AI Certification Tracker,26,Separate Dashboard;Security Layer;Call;Chat System;SMS;Voice & Phone Number;Recording & Script;Location & Country;Company Setup;Model & Language;Timing & Scheduling;Pricing & Negotiation;Integrations;Responsibilities & Routing;Tasks & Work Management;Behaviour & Limitations;Performance & Insights;Summary & Notes;Predictive Layers;Rules & Regulations;Memory;Setup Company (detailed);2-Step Verification;Import & Export Data;Reports;Integrations & MCP
10807,→ AI Mentorship Matcher,26,Separate Dashboard;Security Layer;Call;Chat System;SMS;Voice & Phone Number;Recording & Script;Location & Country;Company Setup;Model & Language;Timing & Scheduling;Pricing & Negotiation;Integrations;Responsibilities & Routing;Tasks & Work Management;Behaviour & Limitations;Performance & Insights;Summary & Notes;Predictive Layers;Rules & Regulations;Memory;Setup Company (detailed);2-Step Verification;Import & Export Data;Reports;Integrations & MCP
10842,→ AI Salary Benchmarking Agent,26,Separate Dashboard;Security Layer;Call;Chat System;SMS;Voice & Phone Number;Recording & Script;Location & Country;Company Setup;Model & Language;Timing & Scheduling;Pricing & Negotiation;Integrations;Responsibilities & Routing;Tasks & Work Management;Behaviour & Limitations;Performance & Insights;Summary & Notes;Predictive Layers;Rules & Regulations;Memory;Setup Company (detailed);2-Step Verification;Import & Export Data;Reports;Integrations & MCP
10874,→ AI Bonus Calculator,26,Separate Dashboard;Security Layer;Call;Chat System;SMS;Voice & Phone Number;Recording & Script;Location & Country;Company Setup;Model & Language;Timing & Scheduling;Pricing & Negotiation;Integrations;Responsibilities & Routing;Tasks & Work Management;Behaviour & Limitations;Performance & Insights;Summary & Notes;Predictive Layers;Rules & Regulations;Memory;Setup Company (detailed);2-Step Verification;Import & Export Data;Reports;Integrations & MCP
10906,→ AI Equity Plan Administrator,26,Separate Dashboard;Security Layer;Call;Chat System;SMS;Voice & Phone Number;Recording & Script;Location & Country;Company Setup;Model & Language;Timing & Scheduling;Pricing & Negotiation;Integrations;Responsibilities & Routing;Tasks & Work Management;Behaviour & Limitations;Performance & Insights;Summary & Notes;Predictive Layers;Rules & Regulations;Memory;Setup Company (detailed);2-Step Verification;Import & Export Data;Reports;Integrations & MCP
10945,→ AI Legal Strategy Advisor,26,Separate Dashboard;Security Layer;Call;Chat System;SMS;Voice & Phone Number;Recording & Script;Location & Country;Company Setup;Model & Language;Timing & Scheduling;Pricing & Negotiation;Integrations;Responsibilities & Routing;Tasks & Work Management;Behaviour & Limitations;Performance & Insights;Summary & Notes;Predictive Layers;Rules & Regulations;Memory;Setup Company (detailed);2-Step Verification;Import & Export Data;Reports;Integrations & MCP
10977,→ AI Regulatory Change Monitor,26,Separate Dashboard;Security Layer;Call;Chat System;SMS;Voice & Phone Number;Recording & Script;Location & Country;Company Setup;Model & Language;Timing & Scheduling;Pricing & Negotiation;Integrations;Responsibilities & Routing;Tasks & Work Management;Behaviour & Limitations;Performance & Insights;Summary & Notes;Predictive Layers;Rules & Regulations;Memory;Setup Company (detailed);2-Step Verification;Import & Export Data;Reports;Integrations & MCP
11009,→ AI Litigation Risk Assessor,26,Separate Dashboard;Security Layer;Call;Chat System;SMS;Voice & Phone Number;Recording & Script;Location & Country;Company Setup;Model & Language;Timing & Scheduling;Pricing & Negotiation;Integrations;Responsibilities & Routing;Tasks & Work Management;Behaviour & Limitations;Performance & Insights;Summary & Notes;Predictive Layers;Rules & Regulations;Memory;Setup Company (detailed);2-Step Verification;Import & Export Data;Reports;Integrations & MCP
11044,→ AI Case Portfolio Manager,26,Separate Dashboard;Security Layer;Call;Chat System;SMS;Voice & Phone Number;Recording & Script;Location & Country;Company Setup;Model & Language;Timing & Scheduling;Pricing & Negotiation;Integrations;Responsibilities & Routing;Tasks & Work Management;Behaviour & Limitations;Performance & Insights;Summary & Notes;Predictive Layers;Rules & Regulations;Memory;Setup Company (detailed);2-Step Verification;Import & Export Data;Reports;Integrations & MCP
11076,→ AI Outside Counsel Coordinator,26,Separate Dashboard;Security Layer;Call;Chat System;SMS;Voice & Phone Number;Recording & Script;Location & Country;Company Setup;Model & Language;Timing & Scheduling;Pricing & Negotiation;Integrations;Responsibilities & Routing;Tasks & Work Management;Behaviour & Limitations;Performance & Insights;Summary & Notes;Predictive Layers;Rules & Regulations;Memory;Setup Company (detailed);2-Step Verification;Import & Export Data;Reports;Integrations & MCP
11108,→ AI Legal Spend Analyst,26,Separate Dashboard;Security Layer;Call;Chat System;SMS;Voice & Phone Number;Recording & Script;Location & Country;Company Setup;Model & Language;Timing & Scheduling;Pricing & Negotiation;Integrations;Responsibilities & Routing;Tasks & Work Management;Behaviour & Limitations;Performance & Insights;Summary & Notes;Predictive Layers;Rules & Regulations;Memory;Setup Company (detailed);2-Step Verification;Import & Export Data;Reports;Integrations & MCP
11143,→ AI Compliance Program Designer,26,Separate Dashboard;Security Layer;Call;Chat System;SMS;Voice & Phone Number;Recording & Script;Location & Country;Company Setup;Model & Language;Timing & Scheduling;Pricing & Negotiation;Integrations;Responsibilities & Routing;Tasks & Work Management;Behaviour & Limitations;Performance & Insights;Summary & Notes;Predictive Layers;Rules & Regulations;Memory;Setup Company (detailed);2-Step Verification;Import & Export Data;Reports;Integrations & MCP
11175,→ AI Regulatory Scanner,26,Separate Dashboard;Security Layer;Call;Chat System;SMS;Voice & Phone Number;Recording & Script;Location & Country;Company Setup;Model & Language;Timing & Scheduling;Pricing & Negotiation;Integrations;Responsibilities & Routing;Tasks & Work Management;Behaviour & Limitations;Performance & Insights;Summary & Notes;Predictive Layers;Rules & Regulations;Memory;Setup Company (detailed);2-Step Verification;Import & Export Data;Reports;Integrations & MCP
11207,→ AI Compliance Training Coordinator,26,Separate Dashboard;Security Layer;Call;Chat System;SMS;Voice & Phone Number;Recording & Script;Location & Country;Company Setup;Model & Language;Timing & Scheduling;Pricing & Negotiation;Integrations;Responsibilities & Routing;Tasks & Work Management;Behaviour & Limitations;Performance & Insights;Summary & Notes;Predictive Layers;Rules & Regulations;Memory;Setup Company (detailed);2-Step Verification;Import & Export Data;Reports;Integrations & MCP
